DisCo,YearMonth,EnergyReceived_GWh,ATCC_Losses_pct,BillingEfficiency_pct,Month,Year,Quarter,ER_roll_mean,ER_roll_std,ATCC_roll_mean,ATCC_roll_std,ER_zscore,ATCC_zscore,outage_risk_label
Abuja,2019-01-01,326.0,42.66765684233405,80.06134969325154,1,2019,1,,,,,,,
Abuja,2019-02-01,304.0,38.36865189289012,84.86842105263158,2,2019,1,,,,,,,
Abuja,2019-03-01,372.0,44.8448652018077,85.21505376344086,3,2019,1,315.0,15.556349186104045,40.518154367612084,3.039855552106331,3.6640987752393825,1.4233277733205503,0.0
Abuja,2019-04-01,357.0,38.86338071485462,77.03081232492998,4,2019,2,334.0,34.698703145794944,41.96039131234395,3.2955277427271663,0.6628489803598702,-0.9397616525377643,0.0
Abuja,2019-05-01,313.0,45.77048545894704,71.24600638977637,5,2019,2,344.3333333333333,35.725807665234576,40.692299269850814,3.6047249570885893,-0.8770503840512007,1.408758296277257,0.0
Abuja,2019-06-01,303.0,37.48647140648217,74.58745874587459,6,2019,2,347.3333333333333,30.6648550189518,43.15957712520312,3.7492893876473623,-1.4457375815386697,-1.5131149218334319,0.0
Abuja,2019-07-01,310.0,45.17326383997745,77.74193548387098,7,2019,3,324.3333333333333,28.728615235220314,40.70677919342794,4.439010100063272,-0.49892183162943166,1.0061893408365632,0.0
Abuja,2019-08-01,291.0,38.24347395025854,79.72508591065292,8,2019,3,308.6666666666667,5.131601439446783,42.81007356846889,4.620034999853721,-3.4427199530467156,-0.9884339876981308,1.0
Abuja,2019-09-01,286.0,42.3209751694429,73.77622377622379,9,2019,3,301.3333333333333,9.609023536932991,40.30106973223939,4.236386405939521,-1.5957223202127164,0.4767991499480675,1.0
Abuja,2019-10-01,298.0,38.93833036570333,76.51006711409396,10,2019,4,295.6666666666667,12.662279942148347,41.912570986559636,3.4829000073731686,0.1842743442724288,-0.8539552139194209,0.0
Abuja,2019-11-01,322.0,37.814114953744536,75.15527950310559,11,2019,4,291.6666666666667,6.027713773341632,39.834259828468255,2.1814035045814535,5.032311498844972,-0.9260757445749704,0.0
Abuja,2019-12-01,312.0,42.160069734091906,77.56410256410257,12,2019,4,302.0,18.330302779823334,39.69114016296359,2.345845091667292,0.5455447255899817,1.052469142100743,0.0
Abuja,2020-01-01,311.0,37.2759075691736,76.52733118971061,1,2020,1,310.6666666666667,12.055427546683378,39.63750501784659,2.2557625393325083,0.02765006318046507,-1.0469175755404663,0.0
Abuja,2020-02-01,308.0,37.855838358070486,65.5844155844156,2,2020,1,315.0,6.082762530298129,39.08336408567001,2.6780599381782215,-1.1507929111375181,-0.45836379914430314,0.0
Abuja,2020-03-01,347.0,63.16875272499122,56.195965417867434,3,2020,1,310.3333333333333,2.0816659994658586,39.097271887111994,2.6682630902098663,17.614096918561913,9.021404570711182,1.0
Abuja,2020-04-01,346.0,49.71414131842446,50.86705202312138,4,2020,2,322.0,21.702534414210678,46.10016621741176,14.784673278602408,1.1058616262018208,0.2444406469396344,0.0
Abuja,2020-05-01,332.0,48.5951688527509,53.31325301204819,5,2020,2,333.6666666666667,22.23360819420303,50.246244133828725,12.664843405719088,-0.07496159202361206,-0.13036681372090583,0.0
Abuja,2020-06-01,293.0,43.47528889737259,61.774744027303754,6,2020,2,341.6666666666667,8.38649708360599,53.826020965388864,8.11036388786876,-5.802979024675365,-1.2762352233663137,1.0
Abuja,2020-07-01,297.0,39.52645226208445,61.61616161616161,7,2020,3,323.6666666666667,27.465129406819337,47.261533022849314,3.3263731417286913,-0.9709281275057674,-2.325379754823598,0.0
Abuja,2020-08-01,298.0,49.2173422744602,56.375838926174495,8,2020,3,307.3333333333333,21.455380055672105,43.86563667073599,4.546942235017334,-0.43501132625548083,1.1769900137523543,0.0
Abuja,2020-09-01,287.0,33.41329942677308,78.397212543554,9,2020,3,296.0,2.6457513110643434,44.07302781130574,4.873018178184171,-3.401680257083363,-2.1875002297867048,1.0
Abuja,2020-10-01,327.0,46.862051606668935,54.74006116207951,10,2020,4,294.0,6.082762530298112,40.71903132110591,7.969229962292145,5.425166581076887,0.7708423918784925,0.0
Abuja,2020-11-01,359.0,47.199704655899765,61.83844011142061,11,2020,4,304.0,20.663978319771793,43.16423110263407,8.526274094991782,2.661636551727054,0.47329859541298097,0.0
Abuja,2020-12-01,371.0,47.97203891598633,58.760107816711596,12,2020,4,324.3333333333333,36.07399802258315,42.49168522978059,7.863925164102203,1.2936372241705032,0.6968979958281954,0.0
Abuja,2021-01-01,350.0,48.89948772301714,64.57142857142857,1,2021,1,352.3333333333333,22.744962812309307,47.34459839285168,0.5690022873127002,-0.10258681680809527,2.7326591910709768,1.0
Abuja,2021-02-01,338.0,40.879994450253974,67.75147928994083,2,2021,1,360.0,10.535653752852758,48.02374376496775,0.851070304011724,-2.088147590655494,-8.393841591041301,1.0
Abuja,2021-03-01,373.0,46.83552660345636,65.68364611260054,3,2021,1,353.0,16.703293088490078,45.91717369641915,4.386903394299144,1.1973686801784984,0.20933966957891656,0.0
Abuja,2021-04-01,363.0,47.701668272476915,63.63636363636363,4,2021,2,353.6666666666667,17.785762095938804,45.53833625890916,4.1641439913219935,0.5247643189528822,0.5195142190270321,0.0
Abuja,2021-05-01,341.0,50.443099684494044,61.87683284457478,5,2021,2,358.0,18.02775637731995,45.13906310872909,3.71379855752933,-0.9429903335828893,1.4281971662172108,0.0
Abuja,2021-06-01,281.0,39.02310567221652,73.30960854092527,6,2021,2,359.0,16.3707055437449,48.32676485347577,1.8832698121721687,-4.764608329895903,-4.940162647501041,1.0
Abuja,2021-07-01,310.0,35.979239552929855,71.93548387096774,7,2021,3,328.3333333333333,42.442117446392004,45.722624543062494,5.961671441157612,-0.4319608548392966,-1.6343378004475724,0.0
Abuja,2021-08-01,321.0,44.67727364265471,65.73208722741433,8,2021,3,310.6666666666667,30.00555504124748,41.815148303213476,7.625446807652726,0.34438067614908235,0.3753387062603165,0.0
Abuja,2021-09-01,316.0,44.33988523120443,68.67088607594937,9,2021,3,304.0,20.663978319771804,39.89320628926703,4.413814174764,0.5807207021949933,1.0074458882662762,0.0
Abuja,2021-10-01,344.0,44.88032381129265,65.40697674418605,10,2021,4,315.6666666666667,5.507570547286029,41.66546614226299,4.927305283212576,5.144434027684885,0.652457577569374,0.0
Abuja,2021-11-01,361.0,41.16024996834253,65.09695290858726,11,2021,4,327.0,14.93318452306805,44.632494228383926,0.27298784161323725,2.2768084026202495,-12.719409917753017,0.0
Abuja,2021-12-01,352.0,48.54158875883475,63.35227272727273,12,2021,4,340.3333333333333,22.722969289539005,43.46015300361319,2.0100208813460854,0.5134305520554341,2.528051226919883,1.0
Abuja,2022-01-01,343.0,43.31870915178686,62.09912536443149,1,2022,1,352.3333333333333,8.504900548115366,44.860720846156646,3.6907084404200465,-1.0974065223374687,-0.41780913319565394,0.0
Abuja,2022-02-01,315.0,43.56626751912336,67.61904761904762,2,2022,1,352.0,8.999999999999991,44.340182626321386,3.795207060146969,-4.111111111111115,-0.20391907343470714,1.0
Abuja,2022-03-01,307.0,46.50446640179724,70.68403908794788,3,2022,1,336.6666666666667,19.29594085120841,45.14218847658166,2.946568002871519,-1.537456343560921,0.4623269932640274,1.0
Abuja,2022-04-01,320.0,46.13582842724979,65.0,4,2022,2,321.6666666666667,18.90326250501045,44.46314769090248,1.7721619130023674,-0.08816820198232571,0.9438645103897318,0.0
Abuja,2022-05-01,288.0,46.73498898273962,66.31944444444444,5,2022,2,314.0,6.55743852430207,45.402187449390134,1.6006014437805984,-3.9649628286476797,0.8326879489758738,1.0
Abuja,2022-06-01,239.0,23.208146484460897,81.58995815899581,6,2022,2,305.0,16.09347693943111,46.45842793726221,0.30222176952716595,-4.101040455607913,-76.93119357079074,1.0
Abuja,2022-07-01,314.0,40.169041671034826,69.10828025477707,7,2022,3,282.3333333333333,40.796241656963126,38.69298796481677,13.413611933279793,0.7762152928923491,0.11004147977144736,0.0
Abuja,2022-08-01,331.0,44.81181140540943,70.69486404833837,8,2022,3,280.3333333333333,38.083242158898884,36.70405904607845,12.140125943668815,1.3304189400488697,0.6678474669003945,0.0
Abuja,2022-09-01,338.0,43.35376240193502,70.71005917159763,9,2022,3,294.6666666666667,48.95235779136009,36.062999853635056,11.372082881285744,0.885214426606873,0.6411105708961965,0.0
Abuja,2022-10-01,,,0.0,10,2022,4,327.6666666666667,12.34233905438237,42.77820515945976,2.3742951177413434,,,0.0
Abuja,2022-11-01,,,0.0,11,2022,4,334.5,4.94974746830558,44.08278690367223,1.0309963376588958,,,0.0
Abuja,2022-12-01,,,0.0,12,2022,4,,,,,,,
Benin,2019-01-01,230.113127,57.93945193085487,84.78180857105366,1,2019,1,,,,,,,
Benin,2019-02-01,222.43625,56.188824582527126,84.77645202614232,2,2019,1,,,,,,,
Benin,2019-03-01,223.201638,55.43145106858671,86.28546809768486,3,2019,1,226.2746885,5.428371785035033,57.064138256690995,1.2378804693331715,-0.5661090694767439,-1.3189376749629065,0.0
Benin,2019-04-01,212.18255,48.81187372211922,86.29042668683172,4,2019,2,225.25033833333336,4.228651074531013,56.51990919398957,1.2863630305030085,-3.0902971427555483,-5.992115203168006,1.0
Benin,2019-05-01,198.420811,56.09773237092866,90.31867371008786,5,2019,2,219.2734793333333,6.152837866007946,53.47738312441103,4.058156865753157,-3.3891138995448373,0.6456993490396584,1.0
Benin,2019-06-01,170.382624,44.10463190832074,87.39679798569134,6,2019,2,211.26833299999998,12.415683277343161,53.44701905387819,4.027953807872911,-3.293069586803212,-2.3193878557636682,1.0
Benin,2019-07-01,188.45945487,45.58682411139338,86.6038456242961,7,2019,3,193.66199500000002,21.30242241372469,49.67141266712287,6.04257561599647,-0.2442229352586743,-0.6759681326811012,0.0
Benin,2019-08-01,171.03228653,49.009477355367935,87.22504394738174,8,2019,3,185.75429662333332,14.213493357242363,48.59639613021426,6.538482811700573,-1.0357770411052292,0.06317692300337154,0.0
Benin,2019-09-01,163.49402203,44.06885449500731,86.57405792122954,9,2019,3,176.62478846666667,10.2542679899328,46.233644458360686,2.515583358943442,-1.280517190457466,-0.8605518698702957,0.0
Benin,2019-10-01,164.39056046000002,44.91655656838764,88.9507328041383,10,2019,4,174.32858781000002,12.80497601788201,46.22171865392287,2.530762112917746,-0.7761066741649224,-0.5157189918694067,0.0
Benin,2019-11-01,187.4822671,48.84589446000294,87.4666068511607,11,2019,4,166.30562300666668,4.117882506364345,45.99829613958763,2.641980116693641,5.142605225040785,1.0778273093057915,0.0
Benin,2019-12-01,200.43381162,49.75203638007985,86.52922793725844,12,2019,4,171.78894986333333,13.598202076271313,45.94376850779929,2.548803833790244,2.1065183173481135,1.4941392592843865,0.0
Benin,2020-01-01,206.25745279,52.80972676544938,90.14705360941005,1,2020,1,184.10221306000003,18.257808261965653,47.838162469490136,2.5704297453632097,1.213466556999253,1.9341373966463922,1.0
Benin,2020-02-01,208.74774222,54.35907404913627,86.18141642959696,2,2020,1,198.05784383666665,9.610453506681022,50.469219201844055,2.0769581209789805,1.1123198687660172,1.8728614737107545,1.0
Benin,2020-03-01,190.35910637,65.96942997457026,83.12544456498482,3,2020,1,205.14633554333332,4.2668837173386365,52.30694573155517,2.3443102604090242,-3.4655805390816896,5.82793347525226,1.0
Benin,2020-04-01,199.3336595,59.51070966172781,78.40571448495899,4,2020,2,201.78810046,9.975811485450103,57.7127435963853,7.192341184353373,-0.2460392283454679,0.24998342254034117,0.0
Benin,2020-05-01,215.23259063999998,53.277224194446916,83.38834342248742,5,2020,2,199.48016936333332,9.195193361807071,59.94640456181145,5.81742758556427,1.713114739065253,-1.1464139895636785,0.0
Benin,2020-06-01,196.0598541,47.95537414502835,84.26170303367562,6,2020,2,201.64178550333335,12.596354201432106,59.585787943581664,6.346435964583084,-0.4431386506024684,-1.8325897974009338,0.0
Benin,2020-07-01,216.07770139,49.39907914732325,84.24007071486925,7,2020,3,203.54203474666664,10.25579218152528,53.58110266706769,5.783658126174618,1.2223011564055495,-0.7230758507004773,0.0
Benin,2020-08-01,237.17614074,54.444494052324345,83.5142990487972,8,2020,3,209.12338204333332,11.321235568154021,50.21055916226617,2.752162213263045,2.4778884360976865,1.5384031034414551,1.0
Benin,2020-09-01,210.30343872,61.08877894903205,84.85373703640784,9,2020,3,216.43789874333334,20.560509803156144,50.599649114891974,3.407080198364473,-0.2983612800491776,3.0786272184538688,1.0
Benin,2020-10-01,221.0,45.15199941981989,84.16289592760181,10,2020,4,221.18576028333334,14.145837822739892,54.97745071622654,5.863045494256032,-0.01313179789426977,-1.6758272310921947,0.0
Benin,2020-11-01,235.03475928,57.83554001623146,83.00339230572554,11,2020,4,222.82652648666667,13.529141795354526,53.56175747372543,8.004976785792469,0.9023656472818736,0.5338906853660466,0.0
Benin,2020-12-01,243.14904234,60.61612528497672,82.46155277043134,12,2020,4,222.1127326666667,12.40315220623288,54.69210612836113,8.420577052449408,1.6960454345438136,0.7035170059862329,0.0
Benin,2021-01-01,247.96240262,59.95114276311999,82.20962564328623,1,2021,1,233.06126720666666,11.205624586225566,54.53455490700935,8.243614147437556,1.3297907045405095,0.6570646999282869,0.0
Benin,2021-02-01,215.04491749,53.362161963619926,83.5314337612063,2,2021,1,242.04873474666667,6.533681824326695,59.46760268810939,1.4519889332555282,-4.133016878190186,-4.204881032254394,1.0
Benin,2021-03-01,239.09948162,53.01462240985531,84.48543656445125,3,2021,1,235.38545415,17.779065864349764,57.97647667057222,4.009922143844028,0.2088989094442422,-1.237394164456352,0.0
Benin,2021-04-01,216.97502088,55.2087418470737,83.41356077577996,4,2021,2,234.03560057666667,17.032979047621975,55.44264237886508,3.9083407888102157,-1.0016204240589703,-0.05984650378008152,0.0
Benin,2021-05-01,226.58073409,57.662177627634755,82.88882878073832,5,2021,2,223.70647333,13.365622055708396,53.86184207351632,1.1793219176138454,0.21504878321562407,3.2224751336833943,1.0
Benin,2021-06-01,204.229461,48.26149681770469,84.41053456533372,6,2021,2,227.55174552999998,11.094146572468725,55.29518062818792,2.324983037085973,-2.10221528782364,-3.0252624205374543,1.0
Benin,2021-07-01,222.69671117,53.263697651143836,84.35315428012774,7,2021,3,215.92840532333332,11.212332731351637,53.710805430804385,4.876070144382274,0.603648322685011,-0.09169428790429972,0.0
Benin,2021-08-01,210.686,48.55327594682345,84.62921670637839,8,2021,3,217.83563542,11.942252520834414,53.062457365494424,4.703570256940259,-0.5986839926158614,-0.9586720666110056,0.0
Benin,2021-09-01,207.01642735,52.937813692512194,83.8424761705258,9,2021,3,212.53739072333335,9.371796408276309,50.02615680522399,2.8075855840556265,-0.5891040663727769,1.037067900556122,0.0
Benin,2021-10-01,223.52796302,54.59916048369528,85.33233182683777,10,2021,4,213.46637950666664,8.201567400184173,51.58492909682649,2.630540002559545,1.2267878836315367,1.1458603115466428,0.0
Benin,2021-11-01,221.15426369,51.986982804071005,82.62822701268163,11,2021,4,213.74346345666666,8.669992193598917,52.03008337434363,3.123485345921817,0.8547643490157639,-0.013798870652267495,0.0
Benin,2021-12-01,248.13137268,57.22176490375539,83.267545287977,12,2021,4,217.23288468666667,8.926959869477738,53.174652326759485,1.3220958594163852,3.4612553932250414,3.0611339927971866,1.0
Benin,2022-01-01,253.76631396,59.58620561324767,82.12190615372417,1,2022,1,230.93786646333334,14.937238839365166,54.602636063840556,2.6173927805235975,1.5282909875220865,1.9040205148002947,1.0
Benin,2022-02-01,226.7366771,54.526981338494394,82.9126811173506,2,2022,1,241.01731677666666,17.43111583491088,56.26498444035803,3.888909675890132,-0.8192613606562993,-0.44691269448571647,0.0
Benin,2022-03-01,237.0007998,56.05591443609627,84.81042477899732,3,2022,1,242.87812124666667,14.26000719362537,57.11165061849915,2.5314089816594847,-0.41215417123309633,-0.41705476675316944,0.0
Benin,2022-04-01,200.31427683,47.92617333142897,84.27520897238374,4,2022,2,239.16793028666666,13.644510181958239,56.723033795946115,2.594749264529819,-2.847566745784819,-3.3902545362552314,1.0
Benin,2022-05-01,212.31480043,50.050961306402286,83.05543115829087,5,2022,2,221.35058457666665,18.927037179905444,52.836356368673215,4.320512955502673,-0.4774008768926505,-0.6446908251307073,0.0
Benin,2022-06-01,196.38265794,52.777264933408524,82.82703441140723,6,2022,2,216.54329235333333,18.705222529185864,51.34434969130918,4.216374359907852,-1.0778077823921408,0.3398453552237845,0.0
Benin,2022-07-01,209.44300184,51.49643693489578,87.67908741600571,7,2022,3,203.00391173333333,8.299632101204184,50.25146652374659,2.431753315888745,0.7758283774689758,0.5119641054932351,0.0
Benin,2022-08-01,236.77532284,57.03090243336699,79.37495036887773,8,2022,3,206.04682007,8.491691765577622,51.441554391568864,1.3639801819778727,3.6186549886988026,4.097822032643579,1.0
Benin,2022-09-01,237.48937347,51.2998030091721,83.01027883460358,9,2022,3,214.20032754,20.612276810018827,53.76820143389043,2.89724756440186,1.1298628552610992,-0.8519804986799373,0.0
Benin,2022-10-01,,,0.0,10,2022,4,227.90256605,15.990437773647669,53.275714125811625,3.253574287470129,,,0.0
Benin,2022-11-01,,,0.0,11,2022,4,237.132348155,0.5049100426168314,54.16535272126955,4.052499266502515,,,0.0
Benin,2022-12-01,,,0.0,12,2022,4,,,,,,,
Eko,2019-01-01,285.0,30.9816306560745,87.71929824561403,1,2019,1,,,,,,,
Eko,2019-02-01,276.0,25.376737800200814,89.4927536231884,2,2019,1,,,,,,,
Eko,2019-03-01,312.0,33.020878316216354,86.53846153846155,3,2019,1,280.5,6.363961030678928,28.179184228137657,3.963257746212318,4.949747468305833,1.2216450198592053,0.0
Eko,2019-04-01,262.83897974859974,23.490230809201307,88.66766781811843,4,2019,2,291.0,18.734993995195193,29.793082257497222,3.9582453851382233,-1.5031240607081315,-1.5923346925283706,1.0
Eko,2019-05-01,276.6041285402,32.078401878165536,86.32337795902203,5,2019,2,283.61299324953325,25.44935613532739,27.29594897520616,5.046864286509206,-0.2754044020628058,0.9476087787308591,0.0
Eko,2019-06-01,250.8161214490001,19.297208351183897,90.41071289195794,6,2019,2,283.81436942959994,25.36123337501604,29.529837001194398,5.251637618385452,-1.3011294637234483,-1.948464344566941,0.0
Eko,2019-07-01,275.539558,24.152280481547166,89.41143240855455,7,2019,3,263.41974324593326,12.903809209447456,24.95528034618358,6.515328434000724,0.9392431767507288,-0.12324779522178826,0.0
Eko,2019-08-01,295.4323493083,27.358838690568106,87.26229317933303,8,2019,3,267.65326932973335,14.591109936431383,25.175963570298865,6.451796051735246,1.9038359726978182,0.33833603895184267,0.0
Eko,2019-09-01,266.6223607420001,22.879823700446565,89.12906598256133,9,2019,3,273.9293429191,22.35165634921294,23.602775841099724,4.058809855687372,-0.3269100984257563,-0.17811924341322105,0.0
Eko,2019-10-01,261.08373,22.25734969398924,90.82633222683006,10,2019,4,279.1980893501,14.749321985343325,24.796980957520613,2.308056075623739,-1.228148613753269,-1.100333432256429,0.0
Eko,2019-11-01,294.9879785309996,27.917347404322484,87.89823571157898,11,2019,4,274.37948001676676,18.44143667610653,24.16533736166797,2.7831109437900516,1.117510467117459,1.3481352768298243,0.0
Eko,2019-12-01,300.7348589650002,23.787119887067988,89.34604371596009,12,2019,4,274.2313564243332,18.187829133331764,24.35150693291943,3.1037529174856546,1.4572108824189243,-0.18184019825542447,0.0
Eko,2020-01-01,295.08873139899987,27.94180872873075,87.64526210429754,1,2020,1,285.6021891653333,21.42715073364313,24.65393899512657,2.927870394128808,0.44273465714559934,1.1229560366460447,0.0
Eko,2020-02-01,292.0220274615001,29.45726368963966,90.9246689909397,2,2020,1,296.93718963166657,3.2892639084015216,26.54875867337374,2.3916806180213883,-1.4943045942929771,1.2160925645131058,0.0
Eko,2020-03-01,277.2427992900001,55.24068947614646,85.65262398090537,3,2020,1,295.94853927516675,4.4195939168704355,27.062064101812798,2.9356593197957634,-4.23245672272361,9.59873824061236,1.0
Eko,2020-04-01,303.6854590544999,28.238777815259624,86.51759722007236,4,2020,2,288.11785271683334,9.542078313314724,37.54658729817229,15.342264821338421,1.6314691439855418,-0.6066776705592465,0.0
Eko,2020-05-01,316.67481723100013,28.15314438692802,84.9359841748003,5,2020,2,290.983428602,13.251889659535127,37.645576993681914,15.249988997027197,1.938696237974968,-0.6224550462694977,0.0
Eko,2020-06-01,262.05361,22.94331270426696,87.77250970517063,6,2020,2,299.20102519183337,20.09486551401408,37.2108705594447,15.614339912330726,-1.8486023290838602,-0.9137471026815919,1.0
Eko,2020-07-01,277.5817112290003,22.114163525182988,89.10242802918496,7,2020,3,294.1379620951667,28.534804949120055,26.445078302151533,3.032920209617763,-0.5802125122525837,-1.427968583952417,0.0
Eko,2020-08-01,291.06103,27.052591811824243,86.6672332294021,8,2020,3,285.43671282000014,28.14506808197355,24.403540205459322,3.2736097398070405,0.1998331346585784,0.8092142365513204,0.0
Eko,2020-09-01,273.26072316799986,40.01143206521079,98.51711349475255,9,2020,3,276.8987837430001,14.515763714922292,24.036689347091396,2.6445458679856753,-0.25062825810951145,6.040637415862709,1.0
Eko,2020-10-01,311.25924,21.15163209834988,85.50801680703812,10,2020,4,280.6344881323334,9.284520232326729,29.726062467406006,9.243302402721648,3.298474353153726,-0.9276371144723585,0.0
Eko,2020-11-01,311.74039367076625,30.66013547741001,86.8965617641751,11,2020,4,291.86033105599995,19.011864242928574,29.40521865846164,9.647494675154837,1.0456661356689758,0.1300769641449146,0.0
Eko,2020-12-01,346.0,32.86601641212614,86.70520231213872,12,2020,4,298.75345227958866,22.078661766089127,30.60773321365689,9.430009183210615,2.139918996040687,0.23947836683870347,0.0
Eko,2021-01-01,348.6583008182667,32.95139302519587,85.4361665707956,1,2021,1,322.9998778902554,19.920142821051833,28.22592799596201,6.225007992747065,1.288064205086682,0.7591098733912687,0.0
Eko,2021-02-01,316.8972,26.772233184694215,85.70291476541163,2,2021,1,335.46623149634434,20.590123268313157,32.15918163824401,1.2989137137424365,-0.9018416866362744,-4.1472719831626765,0.0
Eko,2021-03-01,310.0,31.007092593882803,84.51612903225806,3,2021,1,337.18516693942223,17.62009769301591,30.863214207338743,3.5431506582761956,-1.5428499553778088,0.040607470700684,1.0
Eko,2021-04-01,286.22407098499986,26.93547808896912,88.34398880213388,4,2021,2,325.18516693942223,20.61877427323517,30.24357293459096,3.1595451866069144,-1.8895932143258882,-1.0470161527186312,1.0
Eko,2021-05-01,294.4363830675001,29.457131535627937,84.71648523573123,5,2021,2,304.37375699499995,16.09195975188239,28.238267955848713,2.3992612679388063,-0.617536588502677,0.5080161948458177,0.0
Eko,2021-06-01,260.9055214549999,23.754059729287803,87.98108076819395,6,2021,2,296.8868180175,12.075892253358536,29.13323407282662,2.0550409591934353,-2.979597350456069,-2.6175509152138954,1.0
Eko,2021-07-01,280.5594933,23.688033167444985,88.91570496003601,7,2021,3,280.52199183583326,17.477555609600774,26.715556451294955,2.8578892826885034,0.0021456927389848037,-1.059356393611542,0.0
Eko,2021-08-01,301.582200375,27.000378835685694,87.12945458096154,8,2021,3,278.6337992741667,16.848171806757406,25.63307481078691,3.311894813066761,1.3620706960994589,0.4128464525818332,0.0
Eko,2021-09-01,264.6966432324997,23.768333082676023,91.68566733083267,9,2021,3,281.01573837666666,20.342177161446862,24.814157244139494,1.8936112357673067,-0.8022295261047785,-0.5522908513160015,0.0
Eko,2021-10-01,307.06696120999976,28.127757195180763,88.56875288319294,10,2021,4,282.2794456358332,18.50283109300646,24.818915028602234,1.8896296661800474,1.3396606956832415,1.7510532491096362,1.0
Eko,2021-11-01,295.0,23.435416436445763,91.18644067796609,11,2021,4,291.11526827249986,23.042969906402853,26.298823037847495,2.262803582125975,0.16858641673705024,-1.2654242834066363,0.0
Eko,2021-12-01,325.0,29.341119264629157,86.76923076923076,12,2021,4,288.92120148083313,21.8294481138689,25.11050223810085,2.618316058147236,1.6527581609470434,1.6157778253561803,1.0
Eko,2022-01-01,296.4010314599993,29.868408479926302,84.8132791670229,1,2022,1,309.02232040333325,15.095283110337002,26.96809763208523,3.1189644435954147,-0.8361081306710391,0.9298954509714491,0.0
Eko,2022-02-01,252.0,28.69591285084242,87.6984126984127,2,2022,1,305.4670104866664,16.93056354005934,27.548314727000406,3.571618364338159,-3.158017177641981,0.32131039959379,1.0
Eko,2022-03-01,216.0,22.12111279477564,89.81481481481481,3,2022,1,291.1336771533331,36.78394712430923,29.301813531799294,0.5872352216362102,-2.04256701705837,-12.227980326207454,1.0
Eko,2022-04-01,231.0,22.952800139625182,91.34199134199135,4,2022,2,254.80034381999977,40.273600647205846,26.89514470851479,4.175789989343934,-0.590966375926733,-0.9440955074249304,0.0
Eko,2022-05-01,258.0,31.10847025866687,86.04651162790698,5,2022,2,233.0,18.083141320025497,24.589941928414415,3.580108081017082,1.382503159023299,1.820763000093726,1.0
Eko,2022-06-01,199.0,15.661282530226146,91.95979899497488,6,2022,2,235.0,21.28379665379308,25.394127731022564,4.966206686428671,-1.6914275486457573,-1.9598147671529076,1.0
Eko,2022-07-01,226.0,16.862157804043093,93.36283185840708,7,2022,3,229.33333333333334,29.535289626704984,23.240850976172734,7.727621376772356,-0.11285934133245933,-0.8254406965774337,0.0
Eko,2022-08-01,273.0,24.612673328685403,89.74358974358975,8,2022,3,227.66666666666666,29.535289626704984,21.210636864312036,8.592779223430586,1.5348870421214427,0.3959180581640891,0.0
Eko,2022-09-01,263.0,24.04332966255707,90.11406844106465,9,2022,3,232.66666666666666,37.447741364912076,19.04537122098488,4.858669048682061,0.8100177000729657,1.0286682199372919,0.0
Eko,2022-10-01,,,0.0,10,2022,4,254.0,24.758836806280176,21.839386931761855,4.319796915932392,,,0.0
Eko,2022-11-01,,,0.0,11,2022,4,268.0,7.071067811867453,24.328001495621237,0.4025867671446527,,,0.0
Eko,2022-12-01,,,0.0,12,2022,4,,,,,,,
Enugu,2019-01-01,208.0,57.356904329486206,69.23076923076923,1,2019,1,,,,,,,
Enugu,2019-02-01,186.0,47.04939063502245,68.27956989247312,2,2019,1,,,,,,,
Enugu,2019-03-01,210.0,54.62946880880011,67.61904761904762,3,2019,1,197.0,15.556349186104045,52.20314748225432,7.288512830528524,0.8356716504931926,0.3328966255479371,0.0
Enugu,2019-04-01,200.0,51.672629695885504,67.5,4,2019,2,201.33333333333334,13.316656236958783,53.011921257769586,5.340744770186373,-0.1001252348643525,-0.2507686885470367,0.0
Enugu,2019-05-01,187.0,53.91021917789928,68.98395721925134,5,2019,2,198.66666666666666,12.055427546683415,51.11716304656935,3.8204454817497373,-0.9677522113163286,0.7310812691013002,0.0
Enugu,2019-06-01,176.0,44.67546203518148,68.75,6,2019,2,199.0,11.532562594670798,53.40410589419497,1.5420237925764546,-1.9943529299054756,-5.660511790437057,1.0
Enugu,2019-07-01,177.0,55.3150041553253,67.2316384180791,7,2019,3,187.66666666666666,12.013880860626733,50.08610363632209,4.81746650995102,-0.88786186498858,1.0854046433332378,0.0
Enugu,2019-08-01,188.0,55.03782410719257,69.68085106382979,8,2019,3,180.0,6.0827625302982105,51.30022845613535,5.780052145729213,1.3151918984428603,0.6466370124046145,0.0
Enugu,2019-09-01,176.0,46.913546851330885,71.02272727272727,9,2019,3,180.33333333333334,6.65832811847938,51.676096765899786,6.064311351627253,-0.6508140266182892,-0.7853405998507899,0.0
Enugu,2019-10-01,179.0,49.5140292008082,75.41899441340783,10,2019,4,180.33333333333334,6.65832811847938,52.42212503794958,4.772581316576932,-0.20025046972870536,-0.6093339524756732,0.0
Enugu,2019-11-01,186.0,49.45515178871391,76.34408602150538,11,2019,4,181.0,6.244997998398383,50.48846671977722,4.148869314802366,0.8006407690254376,-0.24905940695134468,0.0
Enugu,2019-12-01,196.0,49.26600380484718,73.9795918367347,12,2019,4,180.33333333333334,5.131601439446862,48.627575946951,1.4846846274168164,3.052978071569677,0.43000907135879424,0.0
Enugu,2020-01-01,197.0,52.48883934458513,76.6497461928934,1,2020,1,187.0,8.544003745317516,49.41172826478976,0.12958916267490717,1.1704114719613077,23.745126647007844,1.0
Enugu,2020-02-01,198.0,50.87795002355344,74.74747474747475,2,2020,1,193.0,6.082762530298199,50.40333164604874,1.8085770678743691,0.8219949365267892,0.26242640467763917,0.0
Enugu,2020-03-01,184.0,65.8361204013378,68.47826086956522,3,2020,1,197.0,0.9999999999998721,50.87759772432858,1.611417798752237,-13.000000000001663,9.282833222142632,1.0
Enugu,2020-04-01,161.0,51.29805590897322,70.80745341614907,4,2020,2,193.0,7.810249675906638,56.40096992315879,8.210681427906259,-4.09718015785268,-0.6214970169031179,1.0
Enugu,2020-05-01,172.0,49.18624682010296,67.44186046511628,5,2020,2,181.0,18.6815416922694,56.00404211128815,8.51742008268879,-0.48175895481497044,-0.800453097886061,0.0
Enugu,2020-06-01,163.0,46.231970844024254,72.39263803680981,6,2020,2,172.33333333333334,11.503622617824922,55.44014104347133,9.064889658117641,-0.8113386229196441,-1.0158060987759652,0.0
Enugu,2020-07-01,181.0,42.725122466489935,70.71823204419888,7,2020,3,165.33333333333334,5.859465277082305,48.905424524366815,2.5446906182602125,2.673736582746302,-2.4287046973522894,0.0
Enugu,2020-08-01,226.0,51.313771740524516,72.56637168141593,8,2020,3,172.0,8.999999999999991,46.04778004353904,3.2344979002080367,6.000000000000006,1.6280708349344655,1.0
Enugu,2020-09-01,202.0,62.34364639642171,75.74257425742574,9,2020,3,190.0,32.4499614791759,46.7569550170129,4.318324950083072,0.3698001308168195,3.6094299432257797,1.0
Enugu,2020-10-01,222.0,43.26798402572481,75.22522522522522,10,2020,4,203.0,22.5166604983954,52.127513534478716,9.83454381645368,0.8438196242002225,-0.9008582069593788,0.0
Enugu,2020-11-01,247.0,56.97109489346645,68.82591093117408,11,2020,4,216.66666666666666,12.858201014657267,52.308467387557016,9.576653292924128,2.3590651055117196,0.4868744187862053,0.0
Enugu,2020-12-01,273.0,61.50823679432392,70.6959706959707,12,2020,4,223.66666666666666,22.54624876411447,54.19424177187099,9.836331057075672,2.188094962025536,0.743569424413758,0.0
Enugu,2021-01-01,282.0,53.341213553979514,71.27659574468085,1,2021,1,247.33333333333334,25.501633934580216,53.91577190450506,9.496207358243288,1.3593900200903855,-0.06050398110007473,0.0
Enugu,2021-02-01,252.0,53.320372351915765,73.01587301587301,2,2021,1,267.3333333333333,18.175074506954115,57.27351508058996,4.091901835243175,-0.8436462435114916,-0.9660893364122616,0.0
Enugu,2021-03-01,249.0,56.00538150865466,71.8875502008032,3,2021,1,269.0,15.394804318340661,56.05660756673973,4.721260903107732,-1.299139604923261,-0.010850079912201337,0.0
Enugu,2021-04-01,225.0,52.8575126850989,73.77777777777777,4,2021,2,261.0,18.248287590894666,54.22232247151664,1.5442095830442157,-1.9727878476642866,-0.8838241916147114,1.0
Enugu,2021-05-01,227.0,52.95344312164495,71.80616740088107,5,2021,2,242.0,14.798648586948751,54.06108884855644,1.6996367932224166,-1.0136060675992282,-0.6516955453826407,0.0
Enugu,2021-06-01,208.0,47.1894797093435,72.59615384615384,6,2021,2,233.66666666666666,13.316656236958794,53.93877910513283,1.7903728055479617,-1.9274107711387698,-3.7697731862742616,1.0
Enugu,2021-07-01,230.0,53.260844751691046,73.04347826086956,7,2021,3,220.0,10.440306508910558,51.000145172029114,3.3004816487207957,0.9578262852211507,0.6849605058516643,0.0
Enugu,2021-08-01,220.0,51.96340400813245,73.63636363636363,8,2021,3,221.66666666666666,11.930353445448862,51.1345891942265,3.420020552032418,-0.13969968905677727,0.24234205651583285,0.0
Enugu,2021-09-01,214.0,52.77371277134147,73.36448598130842,9,2021,3,219.33333333333334,11.015141094572211,50.804576156389004,3.197269125651176,-0.48418202613504246,0.6158807837458542,0.0
Enugu,2021-10-01,235.0,53.88404929171946,68.0,10,2021,4,221.33333333333334,8.08290376865477,52.66598717705498,0.6553943267299371,1.690811502626758,1.8585179410110968,1.0
Enugu,2021-11-01,240.0,49.25143306732606,67.91666666666667,11,2021,4,223.0,10.816653826391978,52.873722023731126,0.9642203919560821,1.571650555971481,-3.756702291948676,0.0
Enugu,2021-12-01,259.0,56.150265325142165,69.88416988416989,12,2021,4,229.66666666666666,13.796134724383261,51.969731710129,2.4186922976516705,2.126199397102847,1.72842722452628,1.0
Enugu,2022-01-01,257.0,54.92889901513447,70.03891050583657,1,2022,1,244.66666666666666,12.662279942148404,53.09524922806256,3.516408080085401,0.9740215340114137,0.5214553445763248,0.0
Enugu,2022-02-01,247.0,49.92422232050715,68.42105263157895,2,2022,1,252.0,10.440306508910576,53.443532469200896,3.681468044436219,-0.47891314261057455,-0.9559529259020626,0.0
Enugu,2022-03-01,242.0,57.712395575632044,69.00826446280992,3,2022,1,254.33333333333334,6.429100507328683,53.6677955535946,3.2990436992289323,-1.9183606352512743,1.2259916481199584,1.0
Enugu,2022-04-01,207.0,47.72767827237034,73.42995169082126,4,2022,2,248.66666666666666,7.6376261582597715,54.188505637091225,3.9465234610538538,-5.455447255899781,-1.6370933629254614,1.0
Enugu,2022-05-01,204.0,51.782623219654404,71.07843137254902,5,2022,2,232.0,21.79449471770338,51.78809872283651,5.246824881667353,-1.2847281096751453,-0.0010435841305160014,0.0
Enugu,2022-06-01,189.961327,43.83100887826906,75.80490317379179,6,2022,2,217.66666666666666,21.12660250332111,52.40756568921893,5.021609276338863,-1.311395888776312,-1.7079299361982287,0.0
Enugu,2022-07-01,217.0,47.92310224337875,74.65437788018433,7,2022,3,200.32044233333332,9.095793141171171,47.78043679009793,3.976069699392332,1.8337661606626015,0.03588102424427413,0.0
Enugu,2022-08-01,213.0,52.16760171054181,67.6056338028169,8,2022,3,203.65377566666666,13.522661086745327,47.8455781137674,3.976373995430412,0.6911527452606457,1.0869258278374243,0.0
Enugu,2022-09-01,193.0,51.39813599667838,71.50259067357513,9,2022,3,206.65377566666666,14.59377887549952,47.97390427739654,4.168528595052523,-0.9355887726645656,0.8214485378236178,0.0
Enugu,2022-10-01,,,0.0,10,2022,4,207.66666666666666,12.858201014657269,50.49627998353298,2.2614049024935383,,,0.0
Enugu,2022-11-01,,,0.0,11,2022,4,203.0,14.14213562373096,51.7828688536101,0.5440944241635834,,,0.0
Enugu,2022-12-01,,,0.0,12,2022,4,,,,,,,
Ibadan,2019-01-01,300.24337189,51.609729867581876,81.61468726436237,1,2019,1,,,,,,,
Ibadan,2019-02-01,285.48332,48.767189972509144,82.47182777613767,2,2019,1,,,,,,,
Ibadan,2019-03-01,288.43709,50.164109296186325,83.88822300904505,3,2019,1,292.863345945,10.436932782084318,50.18845992004551,2.0099792355992268,-0.4240954730108006,-0.012114863391573943,0.0
Ibadan,2019-04-01,280.83071,45.073110447109684,84.17028037994847,4,2019,2,291.38792729666665,7.809952849564607,50.180343045425786,1.421339479058681,-1.3517645368697948,-3.59325317671363,0.0
Ibadan,2019-05-01,295.04500905,49.22367591121929,82.5689933832148,5,2019,2,284.91704,3.8346784682551407,48.00146990526838,2.6304586551315126,2.641152089762673,0.4646360829761088,0.0
Ibadan,2019-06-01,275.345237,44.394962426677296,82.56886281276041,6,2019,2,288.1042696833333,7.1129917329557495,48.15363188483843,2.7089320744750895,-1.793764587721712,-1.3875096734898587,1.0
Ibadan,2019-07-01,306.792429,49.56581208870405,82.75835907280488,7,2019,3,283.7403186833333,10.167085212738517,46.23058292833542,2.6141777651004334,2.267327344496367,1.275823398429254,0.0
Ibadan,2019-08-01,313.901974,52.158036188355254,82.48619009958821,8,2019,3,292.39422501666667,15.890294621710046,47.72815014220021,2.8916897397837475,1.3535148022962684,1.5319368413591745,1.0
Ibadan,2019-09-01,276.828424,43.6402556213038,82.5993529479473,9,2019,3,298.67988,20.518664198232848,48.70627023457886,3.9522699435334534,-1.064955095950251,-1.2817987348166513,0.0
Ibadan,2019-10-01,283.780054,42.92537996569857,84.57003676516321,10,2019,4,299.1742756666667,19.675853794899425,48.45470129945437,4.366242301636516,-0.7823915458579657,-1.26637986437064,0.0
Ibadan,2019-11-01,316.04618,46.119600332885675,82.95524850197525,11,2019,4,291.503484,19.70661197731106,46.24122392511921,5.136561332207524,1.2454041327985186,-0.023678018107351814,0.0
Ibadan,2019-12-01,339.682352,48.349809428853476,83.77631640986753,12,2019,4,292.2182193333333,20.926300964656523,44.22841197329601,1.6763671612536648,2.268156839894027,2.458529104373109,1.0
Ibadan,2020-01-01,346.66805118,52.17736000771502,83.60682589971572,1,2020,1,313.1695286666666,28.06195061984063,45.798263242479244,2.726454088085622,1.1937346397313147,2.3397044509613796,1.0
Ibadan,2020-02-01,302.30114,48.08927247328119,82.15781091662441,2,2020,1,334.13219439333335,16.047676957592778,48.88225658981806,3.0637783950396216,-1.983530356290782,-0.25882554620162607,1.0
Ibadan,2020-03-01,316.40547,69.70152202625151,67.25494252675215,3,2020,1,329.55051439333334,23.85573939075034,49.5388139699499,2.2887581286276744,-0.5510223002532519,8.809453390512282,1.0
Ibadan,2020-04-01,326.71349,60.01422704657577,59.64823735928382,4,2020,2,321.7915537266667,22.668549255444137,56.65605150241591,11.481129770780234,0.21712621385116812,0.2924952170392236,0.0
Ibadan,2020-05-01,339.42586,54.79870331131098,60.14567098688356,5,2020,2,315.1400333333333,12.255272563212534,59.26834051536949,10.825414205610931,1.9816635281998614,-0.41288371226865805,0.0
Ibadan,2020-06-01,303.23515271,49.013277898858206,66.26244721441023,6,2020,2,327.51494,11.531102744963185,61.50481746137942,7.5624001647045995,-2.1055910980071246,-1.6517956324001473,1.0
Ibadan,2020-07-01,340.77437927,52.47465222245224,64.55466765760063,7,2020,3,323.1248342366667,18.36030122787723,54.608736085581654,5.502934326139592,0.9612884240992328,-0.38780834672008707,0.0
Ibadan,2020-08-01,354.9737,56.025242247263975,66.38794282506,8,2020,3,327.8117973266667,21.29467589600356,52.09554447754048,2.91128473572279,1.2755255260039378,1.349815674675965,0.0
Ibadan,2020-09-01,303.69064301,63.77514719437585,70.0323832476448,9,2020,3,332.99441066,26.732288577660686,52.50439078952481,3.5060767665022556,-1.096193749550058,3.2146348056420355,1.0
Ibadan,2020-10-01,349.7842101,48.738192484573254,73.23793859270035,10,2020,4,333.14624076,26.478847339068682,57.42501388803068,5.778824892427426,0.6283494567171434,-1.5032158899364891,0.0
Ibadan,2020-11-01,361.86594247,55.68709049446551,77.66659599453739,11,2020,4,336.14951770333334,28.22971149558008,56.1795273087377,7.51966453017082,0.9109701588942226,-0.06548654029663242,0.0
Ibadan,2020-12-01,388.83188,62.35799024495424,77.3201009135362,12,2020,4,338.44693185999995,30.700028912584944,56.06681005780487,7.52566554839176,1.6412019768276382,0.8359632974247434,0.0
Ibadan,2021-01-01,396.39367,60.243680837585615,77.02408946136805,1,2021,1,366.82734419,19.99104202950058,55.59442440799767,6.810371723416108,1.4789787228884435,0.6826729315820457,0.0
Ibadan,2021-02-01,354.70165453,55.43100114536033,75.6336370676021,2,2021,1,382.36383082333333,18.149868793198433,59.42958719233511,3.409147579336485,-1.5240978658589313,-1.172899076358854,1.0
Ibadan,2021-03-01,354.09871397,55.84996059242497,76.31964545426051,3,2021,1,379.9757348433333,22.21214799979163,59.34422407596673,3.550008640269751,-1.1649940777261196,-0.9842971771686287,0.0
Ibadan,2021-04-01,332.0458737,55.00689811371454,75.89727797301039,4,2021,2,368.3980128333333,24.246824523530417,57.174880858456966,2.6659016745739508,-1.4992536073354779,-0.813226821311367,0.0
Ibadan,2021-05-01,323.1734177,57.92934499371284,64.22482979484238,5,2021,2,346.9487474,12.909787671311085,55.42928661716661,0.4215338544618276,-1.841651489964856,5.930860238350377,1.0
Ibadan,2021-06-01,266.41196873,46.03935962134604,67.68572105060018,6,2021,2,336.43933512333336,15.923892891047553,56.26206789995078,1.5041769398212594,-4.397628574398594,-6.79621393465818,1.0
Ibadan,2021-07-01,325.55583891,41.07708778507056,67.25832598890432,7,2021,3,307.21042004333333,35.60990509735743,52.99186757625781,6.195821098848501,0.5151774152868507,-1.9230348328491316,0.0
Ibadan,2021-08-01,331.12981311,51.228054021248205,67.8726247145074,8,2021,3,305.0470751133333,33.480181699687236,48.34859746670981,8.660200795963313,0.7790500729842326,0.3324930474915274,0.0
Ibadan,2021-09-01,328.63631149,52.557859067724955,70.84486598708813,9,2021,3,307.6992069166667,35.86424856186826,46.1148338092216,5.075903973360858,0.5837876273140201,1.2693355296548878,0.0
Ibadan,2021-10-01,349.60158312,54.707585555508516,68.8882668373364,10,2021,4,328.4406545033333,2.792133295149352,48.287666958014576,6.279843499035519,7.578767336584048,1.0223055078490306,0.0
Ibadan,2021-11-01,362.61000887,51.65731121658891,70.44142222709326,11,2021,4,336.45590257333333,11.4525575902714,52.83116621482722,1.7557925623405968,2.2836913144085638,-0.668561322912474,0.0
Ibadan,2021-12-01,367.16055866,56.81453742646514,71.7814823526527,12,2021,4,346.94930116,17.141440374526525,52.97425194660746,1.5671887754369629,1.1790874663039077,2.4504294186173774,1.0
Ibadan,2022-01-01,347.75795849,58.38152564449369,72.63030235592237,1,2022,1,359.79071688333335,9.112667610701433,54.39314473285418,2.592952047025173,-1.3204430258383058,1.5381622333568707,1.0
Ibadan,2022-02-01,285.85504712,51.585338063744075,72.78394831822482,2,2022,1,359.17617534000004,10.146853348354865,55.61779142918258,3.5182262085629863,-7.225996641795142,-1.1461609135944546,1.0
Ibadan,2022-03-01,265.82104259,50.59310053611321,75.56774345023271,3,2022,1,333.59118809,42.46374441061456,55.593800378234306,3.5587484617314895,-1.5959531228494224,-1.4051849676636126,1.0
Ibadan,2022-04-01,279.27078714,51.72339182422901,75.72955116758368,4,2022,2,299.8113494,42.71414668232263,53.51998808145033,4.239344812051826,-0.48088429373916936,-0.4237910188654298,0.0
Ibadan,2022-05-01,270.98268297,52.37026386742243,77.14134739382975,5,2022,2,276.9822922833333,10.211182150405874,51.30061014136209,0.6165971872585546,-0.5875528636118654,1.7347690650619287,1.0
Ibadan,2022-06-01,226.67210956,42.81305449228084,76.16141366992049,6,2022,2,272.0248375666667,6.785165566704354,51.56225207592155,0.8994731182200848,-6.684100418892966,-9.727025084367154,1.0
Ibadan,2022-07-01,290.68544798,49.068124602926986,72.15680683178863,7,2022,3,258.97519322333335,28.280560077612396,48.96890339464409,5.340923856563659,1.1212739305601405,0.018577536573744984,0.0
Ibadan,2022-08-01,293.94544859,49.17247368175061,72.60947808793762,8,2022,3,262.78008016999996,32.78549821856156,48.08381432087676,4.854040874218636,0.9505839506308229,0.22427898509385577,0.0
Ibadan,2022-09-01,282.8785341,50.76955839481412,73.628310474689,9,2022,3,270.4343353766667,37.93423529367644,47.01788425898615,3.6418631506126444,0.3280466477574613,1.030152419427636,0.0
Ibadan,2022-10-01,,,0.0,10,2022,4,289.16981022333334,5.687004258774736,49.67005222649724,0.9536286191109281,,,0.0
Ibadan,2022-11-01,,,0.0,11,2022,4,288.41199134500005,7.825490282691205,49.97101603828237,1.1293094307360998,,,0.0
Ibadan,2022-12-01,,,0.0,12,2022,4,,,,,,,
Ikeja,2019-01-01,345.44323717000003,30.950542158795074,86.15944578284767,1,2019,1,,,,,,,
Ikeja,2019-02-01,324.88288773,21.965364522212525,87.11804912766559,2,2019,1,,,,,,,
Ikeja,2019-03-01,372.31836966,32.080559841092466,84.34367576780282,3,2019,1,335.16306245,14.538362512589043,26.4579533405038,6.353480036993236,2.555673458948799,0.8849648488467663,0.0
Ikeja,2019-04-01,332.70462798,20.465318657387684,89.17701925019071,4,2019,2,347.5481648533334,23.78769171014468,28.33215550736669,5.542675849899255,-0.624000725005323,-1.419321111863685,0.0
Ikeja,2019-05-01,350.388775,28.26743190299497,86.80896185672611,5,2019,2,343.30196179,25.431453937855483,24.83708100689756,6.317715062838522,0.27866331304994985,0.5429733474805004,0.0
Ikeja,2019-06-01,342.681540915,18.80338171413173,88.29887891015818,6,2019,2,351.80392421333335,19.84475038755693,26.93777013382504,5.920680472226313,-0.45968748007297894,-1.3738941761595505,0.0
Ikeja,2019-07-01,355.02106774000003,24.97122570856817,89.14411063677345,7,2019,3,341.9249812983333,8.866315514147987,22.512044091504794,5.053105505164818,1.4770607272851155,0.48666738000024484,0.0
Ikeja,2019-08-01,364.0,23.053425024691307,89.01098901098901,8,2019,3,349.3637945516667,6.233291205761445,24.014013108564956,4.804087162566293,2.3480702192775866,-0.1999522596839215,0.0
Ikeja,2019-09-01,344.0,20.250748411410115,88.95348837209302,9,2019,3,353.90086955166663,10.703284889489032,22.27601081579707,3.156557384884582,-0.9250309277845722,-0.6416048110150251,0.0
Ikeja,2019-10-01,339.65931863,20.58753051654969,91.80741288587679,10,2019,4,354.3403559133333,10.017361251508484,22.75846638155653,2.3740212570901886,-1.465559333913667,-0.914455107983208,0.0
Ikeja,2019-11-01,376.10600298,20.857320628437904,89.37844409196406,11,2019,4,349.2197728766667,12.982746783787892,21.297234650883706,1.5301990126700582,2.070920010309938,-0.2874881102414199,0.0
Ikeja,2019-12-01,401.03862924000003,23.786773941732307,87.65286847956811,12,2019,4,353.25510720333335,19.908112844667876,20.56519985213257,0.30390205255555514,2.4002034954038782,10.600698687320694,1.0
Ikeja,2020-01-01,393.1326413,23.590386809541073,90.3764530070833,1,2020,1,372.2679836166667,30.8691227153399,21.743875028906633,1.7743375248628421,0.6759070504120593,1.0406767341389442,0.0
Ikeja,2020-02-01,381.47016907,20.076547636179612,93.04284040487319,2,2020,1,390.0924245066667,12.741316716417941,22.744827126570428,1.6375752079803694,-0.6767162004187854,-1.6294088218895424,0.0
Ikeja,2020-03-01,369.4889,59.99578595682451,87.85887729238956,3,2020,1,391.88047987,9.84413985787058,22.48456946248433,2.0877185666158424,-2.27461009222634,17.9675637771164,1.0
Ikeja,2020-04-01,366.35835132,26.607332885507716,90.71148985211023,4,2020,2,381.3639034566666,11.82222884868899,34.55424013418173,22.1029626253651,-1.2692659166660125,-0.3595403649443011,0.0
Ikeja,2020-05-01,390.33307232,21.221582840190834,91.6499419108178,5,2020,2,372.43914013,7.976195618577138,35.559888826170614,21.412556840044463,2.2434169177500767,-0.6696213858573467,0.0
Ikeja,2020-06-01,348.397962,14.901432889367968,92.3085752005633,6,2020,2,375.3934412133333,13.032440944118367,35.94156722750768,21.004895974415582,-2.0714062184579887,-1.0016776261956761,1.0
Ikeja,2020-07-01,367.4538311,14.37605175162173,93.88195794755676,7,2020,3,368.3631285466667,21.039313633863404,20.910116205022174,5.859162250571645,-0.04321896913990375,-1.1151874916525741,0.0
Ikeja,2020-08-01,383.89598375,21.751324073329627,89.95209067487409,8,2020,3,368.72828847333335,20.99658425994529,16.833022493726844,3.8096722655488566,0.7223887032712147,1.2910038546043296,0.0
Ikeja,2020-09-01,382.36316998,37.79884275543071,95.63747358018881,9,2020,3,366.5825922833333,17.76504094697296,17.009602904773107,4.114844597943865,0.8882939107075677,5.052253944424954,1.0
Ikeja,2020-10-01,397.07400067000003,28.62406578566076,82.50422496743933,10,2020,4,377.9043282766667,9.082788555450692,24.642072860127357,11.975980377961061,2.11054923015128,0.3324982840537476,0.0
Ikeja,2020-11-01,391.22809938,26.813561191375953,96.42415805455316,11,2020,4,387.77771813333334,8.087214060759225,29.3914108714737,8.051231447650538,0.4266464595525675,-0.32018079431190594,0.0
Ikeja,2020-12-01,409.92878329,34.60641204050839,87.67338387793744,12,2020,4,390.2217566766667,7.40686702492307,31.07882324415581,5.889692555254336,2.660642691035485,0.5989427738813856,0.0
Ikeja,2021-01-01,422.29221226,34.26574865360641,85.22944782093172,1,2021,1,399.4102944466667,9.566744280768827,30.014679672515033,4.078294536438021,2.3918186941957655,1.0423643861691891,0.0
Ikeja,2021-02-01,391.07447313,21.011042009183882,89.8564859724815,2,2021,1,407.81636497666665,15.639421683785194,31.895240628496918,4.4041585248532575,-1.070493026223884,-2.471345787825766,0.0
Ikeja,2021-03-01,395.19502115,30.733903480456334,89.24736955785949,3,2021,1,407.76515622666665,15.720934153195227,29.961067567766225,7.7528208421355895,-0.7995793986651746,0.09968447980763913,0.0
Ikeja,2021-04-01,368.65497731,22.385440977848077,92.75036186815822,4,2021,2,402.85390218000003,16.959677269069022,28.670231381082207,6.86410001076079,-2.0164844134370337,-0.9156029768478778,1.0
Ikeja,2021-05-01,385.76487063,27.437458519085098,89.90624872959306,5,2021,2,384.9748238633333,14.282778883661049,24.7101288224961,5.26180947761124,0.05531463961613861,0.5183254369421133,0.0
Ikeja,2021-06-01,350.28857435000003,17.690950147794467,91.93583781531639,6,2021,2,383.20495636333334,13.453934463449912,26.852267659129836,4.204883208401347,-2.4465989560716763,-2.1787329296164697,1.0
Ikeja,2021-07-01,360.59639864999997,18.418048778095766,92.75293598387702,7,2021,3,368.23614076333337,17.74185637063393,22.50461654824255,4.874346978862289,-0.43060556650535126,-0.8383826157366867,0.0
Ikeja,2021-08-01,367.4071253,26.736001481655393,87.96869349664786,8,2021,3,365.54994787666664,18.24952429222038,21.182152481658445,5.429439042934958,0.10176579912962894,1.0229139614752425,0.0
Ikeja,2021-09-01,339.38599732,17.198185004944605,92.77717182984277,9,2021,3,359.43069943333336,8.618604159301743,20.948333469181875,5.0254346947805,-2.325748084357703,-0.746233647833935,1.0
Ikeja,2021-10-01,374.30891550999996,20.68686005792823,90.71465386747667,10,2021,4,355.79650709,14.61420961115225,20.784078421565255,5.190477626498974,1.2667403104628376,-0.018730138271032443,0.0
Ikeja,2021-11-01,374.11255366,11.64701493188835,91.49775425902772,11,2021,4,360.3673460433333,18.495172957106888,21.540348848176077,4.825848953517215,0.7431781064466874,-2.050071191945862,0.0
Ikeja,2021-12-01,418.865167,28.63647971290908,83.92055515564034,12,2021,4,362.60248883,20.106311148976495,16.510686664920396,4.558968134495895,2.798259598845609,2.659767010924608,1.0
Ikeja,2022-01-01,397.43397,29.472954646911163,84.60049071799273,1,2022,1,389.0955453899999,25.78143552240624,20.32345156757522,8.50056043355564,0.3234274756637685,1.0763411601920536,0.0
Ikeja,2022-02-01,335.780645,16.69933871281414,89.18525274141396,2,2022,1,396.8038968866667,22.38295879203697,23.252149763902864,10.059040134661512,-2.726326418845774,-0.6514350239551189,1.0
Ikeja,2022-03-01,306.26657,11.758170326589521,89.58486128603586,3,2022,1,384.026594,43.13441488412903,24.936257690878126,7.145631411372734,-1.8027374246036472,-1.8442159419690787,1.0
Ikeja,2022-04-01,312.0,15.927021696252467,88.14102564102564,4,2022,2,346.49372833333337,46.5182901832193,19.31015456210494,9.141425787483023,-0.7415089462117936,-0.37008809615726007,0.0
Ikeja,2022-05-01,326.23408,26.134166082581288,87.77532359586817,5,2022,2,318.01573833333333,15.649664103351446,14.794843578552042,2.6580362531211583,0.5251449240310966,4.266052613358535,1.0
Ikeja,2022-06-01,259.61457,7.600473546037676,90.42090488218852,6,2022,2,314.83355,10.280910373204627,17.939786035141093,7.396332111729425,-5.37102046370509,-1.3978972729884434,1.0
Ikeja,2022-07-01,312.26205,12.784873736866032,89.03037631374033,7,2022,3,299.2828833333333,35.083237741052166,16.55388710829048,9.28273450785869,0.36995350208168765,-0.4060240404628215,0.0
Ikeja,2022-08-01,355.31889,17.453184000987235,88.33615741622968,8,2022,3,299.3702333333333,35.13102590140497,15.506504455161666,9.561898090068787,1.5925711029244147,0.2035871463477985,0.0
Ikeja,2022-09-01,363.5279,21.05942141772472,88.73157482547722,9,2022,3,309.06517,47.9321838430752,12.61284376129698,4.928607466784003,1.1362455376184208,1.7137858336970118,1.0
Ikeja,2022-10-01,,,0.0,10,2022,4,343.7029466666667,27.536238826281547,17.099159718525996,4.1486184116076945,,,0.0
Ikeja,2022-11-01,,,0.0,11,2022,4,359.423395,5.804646637826777,19.256302709355978,2.5499949319438215,,,0.0
Ikeja,2022-12-01,,,0.0,12,2022,4,,,,,,,
Jos,2019-01-01,110.0,70.80691329395992,63.63636363636363,1,2019,1,,,,,,,
Jos,2019-02-01,105.158,53.63146604988993,69.91574583008426,2,2019,1,,,,,,,
Jos,2019-03-01,105.008,55.96468015716131,68.96522169739448,3,2019,1,107.57900000000001,3.4238110345052672,62.21918967192492,12.14487521619369,-0.7509176102563486,-0.5149916654906422,0.0
Jos,2019-04-01,98.417,62.54045436889149,72.85123505085502,4,2019,2,106.722,2.839821825396805,60.134353167003724,9.316041367727712,-2.9244792492710507,0.2582750662983198,1.0
Jos,2019-05-01,98.761,62.772801072331724,74.7106651410982,5,2019,2,102.86099999999999,3.8493476070628017,57.37886685864758,4.619790172401978,-1.0651155516527773,1.1675712559212763,0.0
Jos,2019-06-01,102.787,57.49192531401508,72.832167491998,6,2019,2,100.72866666666665,3.7100005840071613,60.42597853279485,3.8653439232457196,0.554806741057208,-0.7590665350978798,0.0
Jos,2019-07-01,102.119,62.284682379928135,73.6532868516143,7,2019,3,99.98833333333334,2.429811789693501,60.93506025174609,2.9841045385873834,0.8768854755352966,0.45227039157982474,0.0
Jos,2019-08-01,101.532,62.356332077706334,72.62340936847497,8,2019,3,101.22233333333334,2.1575859967411586,60.84980292209164,2.918230883186746,0.14352459977696452,0.5162474169862612,0.0
Jos,2019-09-01,99.52,56.92272856715844,72.72909967845659,9,2019,3,102.146,0.6279355062426257,60.71097992388318,2.7880132452667232,-4.181958137250729,-1.358763758800697,1.0
Jos,2019-10-01,104.608,60.128350341662085,72.94375191189967,10,2019,4,101.057,1.363055024568045,60.52124767493097,3.116614869782739,2.6051772936498443,-0.12606541060887425,0.0
Jos,2019-11-01,104.09,58.66961333276818,72.66115861273897,11,2019,4,101.88666666666666,2.562474845405029,59.80247032884228,2.731420896626169,0.8598458389881618,-0.41475006560629313,0.0
Jos,2019-12-01,109.495,61.65144558524482,73.11018767980273,12,2019,4,102.73933333333333,2.800028809375633,58.573564080529565,1.6049678608727933,2.4127132706799146,1.9177215816904165,1.0
Jos,2020-01-01,110.751,64.51445692211763,74.13206201298408,1,2020,1,106.06433333333332,2.9823122461160065,60.149803086558364,1.4910318778198826,1.5714875840953035,2.927270637527254,1.0
Jos,2020-02-01,107.434,66.15798539977456,77.37308487071132,2,2020,1,108.11200000000001,3.5393144816475632,61.611838613376875,2.922623082122489,-0.19156251966748095,1.5555022521399333,1.0
Jos,2020-03-01,122.779,73.60600922784863,51.261209164433666,3,2020,1,109.22666666666667,1.674701266893137,64.10796263571234,2.2806037530981613,8.092388535941856,4.164707077778574,1.0
Jos,2020-04-01,111.114,70.4670337684619,54.37478625555735,4,2020,2,113.65466666666667,8.074076809972357,68.09281718324694,4.8447663880430545,-0.314669618144909,0.4900580121003489,0.0
Jos,2020-05-01,102.098,60.37965662856866,55.40657015808341,5,2020,2,113.77566666666667,8.011280068336983,70.0770094653617,3.7392985911326098,-1.4576530301094277,-2.593361455485097,0.0
Jos,2020-06-01,101.78984,64.13126661262919,53.60527848358944,6,2020,2,111.997,10.368737001197404,68.15089987495973,6.910677096319292,-0.984416906207695,-0.5816554885007502,0.0
Jos,2020-07-01,111.514742,64.149894841122,50.63692744767289,7,2020,3,105.00061333333333,5.2965897564880215,64.99265233655325,5.09855699337029,1.2298722321635778,-0.16529333623750606,0.0
Jos,2020-08-01,125.78884,69.90169664525969,44.55315296651074,8,2020,3,105.134194,5.527864436799123,62.88693936077328,2.1713905169573886,3.736460297850565,3.2305369438177687,1.0
Jos,2020-09-01,125.77194,70.37108088038244,50.50778838268695,9,2020,3,113.03114066666666,12.07114737451256,66.0609526996703,3.3261948671733315,1.0554754190338782,1.2958134904389942,0.0
Jos,2020-10-01,116.704,66.14599373889303,55.12149686386073,10,2020,4,121.02517399999999,8.23628004759843,68.14089078892137,3.4642628193540115,-0.5246511744413044,-0.575850376848814,0.0
Jos,2020-11-01,116.833354,66.68063243995547,59.33714553808018,11,2020,4,122.75492666666666,5.240263022648135,68.80625708817838,2.315778747140706,-1.1300143983372484,-0.917887622402365,0.0
Jos,2020-12-01,125.81321197760137,72.6567471978258,55.288849959878576,12,2020,4,119.76976466666667,5.198438675543406,67.73256901974365,2.3006017178592657,1.162550467194452,2.1403870734583923,1.0
Jos,2021-01-01,104.119,68.16080014723826,66.76487864846953,1,2021,1,119.78352199253379,5.22226522702049,68.49445779222476,3.6145469228040583,-2.9995646164204928,-0.09230967313813715,1.0
Jos,2021-02-01,104.119646862913,58.98711498574064,65.68570395753125,2,2021,1,115.58852199253379,10.900546471502475,69.16605992833985,3.112297755748012,-1.052137629943976,-3.270556271102279,0.0
Jos,2021-03-01,120.539241480247,67.47654648931525,55.996597598518164,3,2021,1,111.35061961350478,12.524972396062454,66.60155411026822,6.966932420820084,0.7336241211701914,0.12559220130113347,0.0
Jos,2021-04-01,114.42740368,61.12504859317176,61.85104068071258,4,2021,2,109.59262944772,9.480044111058062,64.87482054076472,5.110367725916714,0.509994908846515,-0.7337577545694733,0.0
Jos,2021-05-01,123.78498389299996,65.16296712874139,70.9169830129648,5,2021,2,113.02876400772,8.298669564999715,62.52957002274255,4.415554568575029,1.2961378689718115,0.5963910229397705,0.0
Jos,2021-06-01,110.75064626,62.86973711022676,70.7129805962001,6,2021,2,119.58387635108232,4.751380721243038,64.5881874037428,3.21452332086435,-1.859086991616915,-0.5345894622578016,1.0
Jos,2021-07-01,116.11537900000003,57.058806238648124,66.48223402000865,7,2021,3,116.32101127766664,6.720327498211342,63.05258427737997,2.025159583804693,-0.030598550103598323,-2.959657148337545,0.0
Jos,2021-08-01,112.01695757659475,68.87971257833028,75.35582364150648,8,2021,3,116.88366971766668,6.551045134396448,61.69717015920543,4.177384453710209,-0.7428909496469684,1.7193874537321003,1.0
Jos,2021-09-01,118.01215400000011,65.75222555025275,73.60828902419652,9,2021,3,112.96099427886493,2.804192096546164,62.93608530906838,5.910732461844425,1.8012887659716803,0.4764452222061149,0.0
Jos,2021-10-01,121.69801719983573,70.65063844406835,73.89900613772765,10,2021,4,115.38149685886496,3.064234372010562,63.89691478907705,6.124956341745226,2.061369847772531,1.102656619600804,0.0
Jos,2021-11-01,125.23238899999997,58.72546923724001,74.18438084735303,11,2021,4,117.24237625881021,4.88622013271102,68.42752552421713,2.480315921108676,1.6352134214543999,-3.9116211787409716,0.0
Jos,2021-12-01,132.53828338785905,72.10839318637552,77.50141127103922,12,2021,4,121.64752006661195,3.610382366752033,65.0427777438537,5.994155678273199,3.0165124396629044,1.178750740180523,0.0
Jos,2022-01-01,122.07558879999998,65.66864160367982,79.1712486092058,1,2022,1,126.48956319589826,5.5284001280592365,67.16150028922796,7.34208602202114,-0.7984180402383103,-0.20332895597662673,0.0
Jos,2022-02-01,130.07,66.49594275136394,74.57009779349582,2,2022,1,126.615420395953,5.3667100155820195,65.50083467576512,6.693039872201432,0.6437052857368425,0.1486780438484848,0.0
Jos,2022-03-01,125.51496692606094,71.5399006003345,74.42578147276923,3,2022,1,128.227957395953,5.469171347292721,68.09099251380643,3.5036749164567973,-0.49605146696218,0.984368746748884,0.0
Jos,2022-04-01,121.20890202000008,58.80936978370414,75.8323392656482,4,2022,2,125.88685190868698,4.010159153811624,67.90149498512609,3.1779873131944187,-1.1665247460915718,-2.8609696343572923,0.0
Jos,2022-05-01,104.0,67.36425884668749,78.994438461516,5,2022,2,125.59795631535367,4.4311318849523875,65.6150710451342,6.410815466102635,-4.874139808092338,0.27284950109735173,1.0
Jos,2022-06-01,124.79884949999996,65.59223339864093,67.71588090641494,6,2022,2,116.90795631535367,11.38407005086987,65.90450974357537,6.489588145739382,0.6931521985885299,-0.04811959371250167,0.0
Jos,2022-07-01,128.398,67.83159157282682,65.3430857957477,7,2022,3,116.66925050666669,11.11774986351986,63.92195400967753,4.515407694537114,1.0549571304728032,0.865843757116174,0.0
Jos,2022-08-01,127.22006,69.56846843622608,70.55112747159326,8,2022,3,119.06561649999998,13.17072782629029,66.92936127271842,1.1813268738821567,0.6191338555886653,2.2340194080532907,1.0
Jos,2022-09-01,144.42269912999998,68.74311746427392,75.86182896458,9,2022,3,126.80563649999998,1.8350153155838451,67.6640978025646,1.9934020896038913,9.600498960628459,0.5412955405919817,0.0
Jos,2022-10-01,,,0.0,10,2022,4,133.34691970999998,9.609971539045864,68.71439249110894,0.8687946550912302,,,0.0
Jos,2022-11-01,,,0.0,11,2022,4,135.821379565,12.16410278312803,69.15579295025,0.5836112691257116,,,0.0
Jos,2022-12-01,,,0.0,12,2022,4,,,,,,,
Kaduna,2019-01-01,205.0,77.04665959703075,68.78048780487805,1,2019,1,,,,,,,
Kaduna,2019-02-01,189.0,65.7148895379994,71.95767195767195,2,2019,1,,,,,,,
Kaduna,2019-03-01,205.0,77.57602014825535,73.17073170731707,3,2019,1,197.0,11.313708498984761,71.38077456751508,8.012771451587756,0.7071067811865475,0.773171382482483,0.0
Kaduna,2019-04-01,167.0,67.05950832115496,73.65269461077844,4,2019,2,199.66666666666666,9.237604307034013,73.44585642776184,6.700443450716565,-3.5362703987864563,-0.9531232005135271,1.0
Kaduna,2019-05-01,176.0,68.03907797404908,82.95454545454545,5,2019,2,187.0,19.078784028338912,70.1168060024699,6.494759939560355,-0.5765566601970551,-0.3199083642437857,0.0
Kaduna,2019-06-01,164.0,60.07372439315791,81.70731707317073,6,2019,2,182.66666666666666,19.857828011475306,70.89153548115313,5.809616220092452,-0.9400155271704282,-1.8620526172765104,0.0
Kaduna,2019-07-01,165.0,64.23449112014191,79.39393939393939,7,2019,3,169.0,6.24499799839838,65.05743689612065,4.343723277369126,-0.6405126152203504,-0.18945630820137643,0.0
Kaduna,2019-08-01,148.0,68.58717859894946,83.1081081081081,8,2019,3,168.33333333333334,6.6583281184793774,64.11576449578297,3.984003818478713,-3.0538196633627375,1.1223418216687098,1.0
Kaduna,2019-09-01,127.0,56.40037395949045,98.4251968503937,9,2019,3,159.0,9.539392014169449,64.29846470408309,4.2570876304240475,-3.3545114775101412,-1.8552802832028876,1.0
Kaduna,2019-10-01,134.0,61.56793234035688,93.28358208955224,10,2019,4,146.66666666666666,19.035055380358973,63.07401455952728,6.175725157087806,-0.665438918540608,-0.24387131565300996,0.0
Kaduna,2019-11-01,145.0,62.10684430512017,92.41379310344827,11,2019,4,136.33333333333334,10.692676621563606,62.18516163293227,6.116803154409589,0.8105235923051152,-0.012803637101782887,0.0
Kaduna,2019-12-01,138.0,63.4501645330214,93.47826086956522,12,2019,4,135.33333333333334,9.073771725877444,60.02505020165584,3.1506054849552876,0.29388734334825767,1.0871289178290031,0.0
Kaduna,2020-01-01,135.0,56.81375632845032,88.88888888888889,1,2020,1,139.0,5.567764362829979,62.37498039283282,0.9693411308339037,-0.7184212081071052,-5.73711760234325,0.0
Kaduna,2020-02-01,168.0,67.89151522531024,88.69047619047619,2,2020,1,139.33333333333334,5.1316014394468406,60.79025505553062,3.5086370435720555,5.586300301170072,2.023936953749427,1.0
Kaduna,2020-03-01,201.0,79.07451759974481,40.79601990049751,3,2020,1,147.0,18.24828759089465,62.71847869559398,5.575007503829836,2.959181771496433,2.9338146886645085,1.0
Kaduna,2020-04-01,225.0,80.72895863052781,36.0,4,2020,2,168.0,32.99999999999999,67.92659638450179,11.13042209937201,1.7272727272727277,1.1502135437207133,0.0
Kaduna,2020-05-01,236.0,78.6721058879992,33.05084745762712,5,2020,2,198.0,28.618176042508363,75.89833048519428,6.983273711914649,1.3278274598477635,0.3972027328776164,0.0
Kaduna,2020-06-01,184.0,74.81596389181352,39.67391304347826,6,2020,2,220.66666666666666,17.89785834487839,79.4918607060906,1.0900881856171274,-2.0486622455115757,-4.289466555065849,1.0
Kaduna,2020-07-01,194.0,71.49822161605627,48.96907216494845,7,2020,3,215.0,27.404379212089438,78.07234280344683,3.001776726075573,-0.7663008834272682,-2.1900766736856396,0.0
Kaduna,2020-08-01,194.0,71.36802407181155,67.0103092783505,8,2020,3,204.66666666666666,27.592269448766498,74.99543046528966,3.590307796701213,-0.38658170856415386,-1.0103329850468488,0.0
Kaduna,2020-09-01,186.0,82.9244736333784,83.87096774193549,9,2020,3,190.66666666666666,5.77350269189621,72.56073652656045,1.9541688007618971,-0.8082903768654811,5.303399124362904,1.0
Kaduna,2020-10-01,186.0,82.9244736333784,83.87096774193549,10,2020,4,191.33333333333334,4.61880215351701,75.26357310708208,6.634853842059134,-1.1547005383792526,1.1546449565675359,0.0
Kaduna,2020-11-01,194.0,72.87753957641375,76.80412371134021,11,2020,4,188.66666666666666,4.61880215351701,79.07232377952278,6.672119265246908,1.1547005383792526,-0.9284582539427642,0.0
Kaduna,2020-12-01,192.0,75.08374599475677,75.0,12,2020,4,188.66666666666666,4.61880215351701,79.57549561439019,5.8006000823189545,0.7216878364870336,-0.7743594724492229,0.0
Kaduna,2021-01-01,182.0,72.3099816849817,75.82417582417582,1,2021,1,190.66666666666666,4.163331998932273,76.96191973484964,5.280234221578602,-2.0816659994661264,-0.8810097913567909,1.0
Kaduna,2021-02-01,171.0,69.52881883371668,75.43859649122807,2,2021,1,189.33333333333334,6.4291005073286485,73.42375575205074,1.4653348403832311,-2.8516171605086655,-2.6580524880684644,1.0
Kaduna,2021-03-01,198.0,74.65463458110517,75.75757575757575,3,2021,1,181.66666666666666,10.503967504392492,72.30751550448504,2.777464401689009,1.5549679991396737,0.8450582031556627,0.0
Kaduna,2021-04-01,208.0,77.83809523809524,75.0,4,2021,2,183.66666666666666,13.57694123627754,72.16447836660119,2.5660037374853024,1.7922544489118626,2.211071164321149,1.0
Kaduna,2021-05-01,196.0,75.31827515400411,75.0,5,2021,2,192.33333333333334,19.139836293274126,74.00718288430569,4.192304123731573,0.19157251976889425,0.3127378718248657,0.0
Kaduna,2021-06-01,180.0,70.82933822147021,77.22222222222223,6,2021,2,200.66666666666666,6.429100507328625,75.93700165773484,1.6795006113320956,-3.2145502536643225,-3.041179861324068,1.0
Kaduna,2021-07-01,186.0,73.5409338387006,76.34408602150538,7,2021,3,194.66666666666666,14.047538337136976,74.66190287118985,3.550181285477909,-0.616952697239124,-0.3157498004607831,0.0
Kaduna,2021-08-01,191.0,74.08433199678328,77.4869109947644,8,2021,3,187.33333333333334,8.08290376865474,73.22951573805831,2.2606137708866374,0.45363235436327737,0.3781345888155402,0.0
Kaduna,2021-09-01,184.0,76.72700352224709,79.8913043478261,9,2021,3,185.66666666666666,5.507570547286081,72.81820135231803,1.743703760529896,-0.3026137663344007,2.2416664220195353,1.0
Kaduna,2021-10-01,211.0,74.22858604525507,73.93364928909952,10,2021,4,187.0,3.6055512754639625,74.78408978591033,1.7044077357505534,6.656402354702799,-0.32592186071640455,0.0
Kaduna,2021-11-01,210.0,71.4993804213135,76.66666666666667,11,2021,4,195.33333333333334,14.011899704655791,75.01330718809514,1.4858562016188899,1.0467293497535743,-2.364917118462134,0.0
Kaduna,2021-12-01,207.0,76.63721217293698,74.39613526570048,12,2021,4,201.66666666666666,15.30795000427337,74.15165666293855,2.614660478676179,0.3484028450474746,0.9506226641161795,0.0
Kaduna,2022-01-01,207.0,72.77776668242207,80.19323671497585,1,2022,1,209.33333333333334,2.0816659994661024,74.12172621316851,2.570582238478785,-1.1208970766356308,-0.5228230050876613,0.0
Kaduna,2022-02-01,185.0,75.30242466470418,82.70270270270271,2,2022,1,208.0,1.7320508075688446,73.63811975889085,2.6747867838650996,-13.279056191361644,0.6222196534889347,1.0
Kaduna,2022-03-01,180.0,76.84920093918049,80.55555555555556,3,2022,1,199.66666666666666,12.701705922171763,74.9058011733544,1.9600542132761725,-1.5483484491903596,0.991503067957366,1.0
Kaduna,2022-04-01,189.0,75.24324273337389,81.48148148148148,4,2022,2,190.66666666666666,14.364307617610153,74.97646409543557,2.055196327924603,-0.11602833293707665,0.12980688721243325,0.0
Kaduna,2022-05-01,167.0,74.46514499642286,80.83832335329342,5,2022,2,184.66666666666666,4.509249752822857,75.79828944575286,0.9105969747987183,-3.9178727360592664,-1.4640334705973252,1.0
Kaduna,2022-06-01,141.0,72.3278895449869,65.95744680851064,6,2022,2,178.66666666666666,11.06044001535802,75.51919622299242,1.215748095155334,-3.405530576935859,-2.6249736197182933,1.0
Kaduna,2022-07-01,154.0,77.45928338762215,54.54545454545454,7,2022,3,165.66666666666666,24.02776172125345,74.0120924249279,1.5095573946236893,-0.48554945741563,2.283577275677938,1.0
Kaduna,2022-08-01,176.0,77.63537459820324,46.02272727272727,8,2022,3,154.0,12.99999999999997,74.75077264301063,2.5775934622104435,1.6923076923076963,1.1191066386081248,0.0
Kaduna,2022-09-01,169.0,75.54240631163708,47.337278106508876,9,2022,3,157.0,17.69180601295411,75.80751584360411,3.0147307362569027,0.6782801027330666,-0.08793804659854573,0.0
Kaduna,2022-10-01,,,0.0,10,2022,4,166.33333333333334,11.239810200058207,76.87902143248749,1.1608863056196441,,,0.0
Kaduna,2022-11-01,,,0.0,11,2022,4,172.5,4.949747468305649,76.58889045492018,1.4799520682391796,,,0.0
Kaduna,2022-12-01,,,0.0,12,2022,4,,,,,,,
Kano,2019-01-01,142.081,46.86535924986556,83.13074936127984,1,2019,1,,,,,,,
Kano,2019-02-01,150.414,46.189384270558214,82.5721010012366,2,2019,1,,,,,,,
Kano,2019-03-01,178.5,52.44782840224323,83.0252100840336,3,2019,1,146.2475,5.892320807627489,46.52737176021189,0.47798649178066455,5.473649696440457,12.38624259019454,1.0
Kano,2019-04-01,172.1,45.31091538717692,80.47646717024986,4,2019,2,156.99833333333333,19.081430091409114,48.50085730755567,3.4348465991783006,0.7914326439015579,-0.928699966147502,0.0
Kano,2019-05-01,159.8,47.24411327536385,79.91239048811013,5,2019,2,167.00466666666665,14.719975045268693,47.98270935332612,3.891772473503444,-0.48944829352699004,-0.18978398223197593,0.0
Kano,2019-06-01,154.0,43.79936038362017,80.95809663636363,6,2019,2,170.13333333333335,9.50385886539425,48.33428568826133,3.691238107131232,-1.6975560729419663,-1.2285648264954738,1.0
Kano,2019-07-01,143.6,42.475196368511945,82.90623022284123,7,2019,3,161.96666666666667,9.242474416157869,45.451463015386985,1.7266718993893115,-1.9872023269610268,-1.7237013285081457,1.0
Kano,2019-08-01,128.263828,43.339159447573,79.79015720628578,8,2019,3,152.46666666666667,8.208126054912471,44.50622334249866,2.4617846266662498,-2.9486436373843885,-0.47407229791100486,1.0
Kano,2019-09-01,125.57488,39.11235875104591,81.80007120054586,9,2019,3,141.95460933333334,12.946741680355766,43.204572066568375,0.6722632721420155,-1.265162288530595,-6.087218334096325,0.0
Kano,2019-10-01,141.919,35.10871883026758,84.83999722376848,10,2019,4,132.47956933333333,9.723970073780636,41.64223818904362,2.2331201330420627,0.9707383501846455,-2.925735728277085,0.0
Kano,2019-11-01,139.258739,39.880882108433795,82.66355664760113,11,2019,4,131.91923599999998,8.76379315014042,39.186745676295494,4.115724510913445,0.8374801725988259,0.16865473631621755,0.0
Kano,2019-12-01,140.725647,40.193548676843946,83.97925945936493,12,2019,4,135.58420633333333,8.769789471954285,38.033986563249094,2.562333022838701,0.5862672853332417,0.8428108658578517,0.0
Kano,2020-01-01,149.38172,42.6487865738387,83.69580131357436,1,2020,1,140.634462,1.3324725795296524,38.394383205181775,2.849760145027204,6.564681430883681,1.4928987536304783,0.0
Kano,2020-02-01,135.83911,41.20141509649007,86.39114155709649,2,2020,1,143.12203533333334,5.4704381784909595,40.907739119705475,1.5158742605863007,-1.331323944390568,0.19373373136569066,0.0
Kano,2020-03-01,138.7,57.105990193453735,89.61788031723144,3,2020,1,141.98215900000002,6.858184031333096,41.347916782390904,1.2341577454639008,-0.4785755215965018,12.768281420248767,1.0
Kano,2020-04-01,178.12077,59.68260980409055,85.24478163888467,4,2020,2,141.30694333333335,7.137764815432963,46.9853972879275,8.794516565332138,5.157612728717175,1.4437646938110607,0.0
Kano,2020-05-01,188.31958,63.32823577775412,53.28748604367108,5,2020,2,150.88662666666667,23.628798006319126,52.66333836467812,10.009570715512845,1.584208952284518,1.0654700102720216,0.0
Kano,2020-06-01,133.97754,43.286533238898,76.13329082620865,6,2020,2,168.38011666666668,26.204692811865364,60.0389452584328,3.126390289911348,-1.312840295959865,-5.3583879381898365,0.0
Kano,2020-07-01,141.31511,46.27827846507227,72.22347036350183,7,2020,3,166.80596333333335,28.883956883855575,55.43245960691422,10.675452809502563,-0.8825263600771136,-0.8574981600493351,0.0
Kano,2020-08-01,157.78842,52.20468362518322,64.53163945110802,8,2020,3,154.53741000000002,29.485356379190954,50.96434916057479,10.81142470197307,0.1102584604435832,0.11472442335764234,0.0
Kano,2020-09-01,150.63896,52.948616480405484,85.57588962377329,9,2020,3,144.3603566666667,12.194041456352013,47.256498443051164,4.538836560407052,0.5148910929823609,1.254091871694062,0.0
Kano,2020-10-01,167.0,44.51261411603024,79.64071856287424,10,2020,4,149.91416333333333,8.260537709194887,50.477192856886994,3.6553413760702815,2.0683685818234627,-1.6317432839252468,0.0
Kano,2020-11-01,162.77142,47.29363703754012,76.08242079598494,11,2020,4,158.47579333333334,8.202150269589623,49.88863807387298,4.670608549187583,0.5237195766326268,-0.5556023393962743,0.0
Kano,2020-12-01,171.35438,53.2575004606811,71.89059357572302,12,2020,4,160.13679333333334,8.49275283550209,48.25162254465862,4.298817994149445,1.320842238546492,1.164477752450864,0.0
Kano,2021-01-01,170.77363,54.749835671890516,70.16333780572563,1,2021,1,167.04193333333333,4.291633650922146,48.354583871417155,4.467937492115419,0.8695282426692763,1.431365548815103,0.0
Kano,2021-02-01,156.52556000000004,43.22425927538589,77.6335023813363,2,2021,1,168.29981,4.796523703130617,51.76699105670391,3.9452424806633144,-2.454746547445412,-2.1653249003548516,1.0
Kano,2021-03-01,179.14585,51.95990184685753,73.77071231066753,3,2021,1,166.21785666666668,8.398796261764373,50.41053180265251,6.268065947544268,1.5392674057576767,0.24718470692096645,0.0
Kano,2021-04-01,162.98027,53.21972272886901,76.69325042841076,4,2021,2,168.81501333333335,11.436630375955447,49.97799893137798,6.012959520294971,-0.5101802840109636,0.5391228373564705,0.0
Kano,2021-05-01,174.69468,53.368841828239646,65.87611387479001,5,2021,2,166.21722666666668,11.652372988684633,49.46796128370414,5.443771508815938,0.7275302070716069,0.7165768324806078,0.0
Kano,2021-06-01,149.0452,47.76045045410975,72.92894487712451,6,2021,2,172.2736,8.35031229708769,52.84948880132206,0.7740044176969029,-2.781740271929863,-6.574947417425667,1.0
Kano,2021-07-01,132.34153,42.32304504637378,74.16514836272484,7,2021,3,162.24005,12.84075154747162,51.44967167040613,3.195829159002056,-2.328408885528752,-2.855793025833169,1.0
Kano,2021-08-01,153.05949,49.15319604678089,75.7443794370411,8,2021,3,152.02713666666668,21.33345467671912,47.81744577624105,5.523118954596973,0.04839128725175134,0.24184709428140702,0.0
Kano,2021-09-01,131.22677,41.41471964621237,81.53246725496636,9,2021,3,144.8154066666667,10.987576182781613,46.4122305157548,3.6091568854407146,-1.2367274129085133,-1.3846754320108157,0.0
Kano,2021-10-01,171.65269,48.314771334445794,74.53471837231389,10,2021,4,138.87593,12.295962880945817,44.296986913122346,4.230051905179934,2.6656521589530673,0.949819177491285,0.0
Kano,2021-11-01,177.86734,47.284699390564626,76.76626973226224,11,2021,4,151.97965000000002,20.23458160626991,46.294229009146356,4.246521837549414,1.2793785660474641,0.23324273824760333,0.0
Kano,2021-12-01,191.9,50.94668620362543,76.23762376237624,12,2021,4,160.24893333333333,25.32528266506871,45.67139679040759,3.7221952239006137,1.249781377971475,1.4172522116370048,0.0
Kano,2022-01-01,190.9,54.97751001372438,73.80827658459927,1,2022,1,180.47334333333333,10.372166147388299,48.84871897621195,1.888481378745546,1.0052535332064745,3.2453542335607124,1.0
Kano,2022-02-01,170.0,55.0640991822738,74.11764705882354,2,2022,1,186.8891133333333,7.82906734921391,51.06963186930481,3.8478787076104575,-2.157231836181495,1.0380959527306846,1.0
Kano,2022-03-01,139.0,51.12378628565679,75.53956834532374,3,2022,1,184.26666666666665,12.365408741053708,53.66276513320787,2.352591759064604,-3.660749726483307,-1.079226277898968,1.0
Kano,2022-04-01,158.0,59.109407132821275,68.9873417721519,4,2022,2,166.63333333333335,26.11327886982652,53.72179849388499,2.250361081383273,-0.33061085037884824,2.3941085204089028,1.0
Kano,2022-05-01,132.0,54.76152832674571,72.72727272727273,5,2022,2,155.66666666666666,15.631165450257656,55.09909753358395,3.9929254616274337,-1.5140692318803746,-0.08454182530636398,1.0
Kano,2022-06-01,118.0,46.47680605145429,72.88135593220339,6,2022,2,143.0,13.453624047073566,54.998240581741264,3.9980694838153634,-1.8582353656179358,-2.1313873019922998,1.0
Kano,2022-07-01,151.0,51.35139233831879,66.88741721854305,7,2022,3,136.0,20.29778313018436,53.449247170340435,6.417726536346873,0.7389969586232228,-0.3268844224104003,0.0
Kano,2022-08-01,168.0,53.06186234456276,69.04761904761905,8,2022,3,133.66666666666666,16.56301099840637,50.8632422388396,4.1638772417536245,2.072892020456713,0.5280223162384136,0.0
Kano,2022-09-01,157.0,55.040815113747485,66.2420382165605,9,2022,3,145.66666666666666,25.423086620891056,50.29668691144528,3.416876387720134,0.4457890382208878,1.388440102589624,0.0
Kano,2022-10-01,,,0.0,10,2022,4,158.66666666666666,8.621678104251455,53.15135659887634,1.846338815095791,,,0.0
Kano,2022-11-01,,,0.0,11,2022,4,162.5,7.778174593051432,54.05133872915512,1.3993309227383486,,,0.0
Kano,2022-12-01,,,0.0,12,2022,4,,,,,,,
Port Harcourt,2019-01-01,172.48932,65.62333259484086,72.87144236524325,1,2019,1,,,,,,,
Port Harcourt,2019-02-01,160.56116,60.80112359065178,73.62016907451341,2,2019,1,,,,,,,
Port Harcourt,2019-03-01,176.24845,62.9813752873252,77.13098659307359,3,2019,1,166.52524,8.434482823078122,63.212228092746315,3.409816687160927,1.1527926731198865,-0.06770240942580619,0.0
Port Harcourt,2019-04-01,164.50503,60.01276626401811,75.49348102486532,4,2019,2,169.76631,8.190473397862903,63.13527715760595,2.4147855514056507,-0.6423658004154922,-1.2930799970085203,0.0
Port Harcourt,2019-05-01,167.505404215037,61.35039833750038,72.50915188627496,5,2019,2,167.10488,8.160403292907768,61.26508838066503,1.5377279922320668,0.04908142412337538,0.05547792409730565,0.0
Port Harcourt,2019-06-01,156.757507242964,61.189566796125696,74.75426590470977,6,2019,2,169.419628071679,6.101243156447946,61.448179962947904,1.486718136709646,-2.075334567732044,-0.1739490226402712,1.0
Port Harcourt,2019-07-01,157.953534250893,63.18081171182794,76.0075909344974,7,2019,3,162.922647152667,5.54592408325466,60.85091046588139,0.7302951276798899,-0.8959936752069353,3.190355731043322,1.0
Port Harcourt,2019-08-01,154.719435923596,59.60764250639884,76.48274775797132,8,2019,3,160.738815236298,5.890472388214524,61.906925615151344,1.1061446725698494,-1.021883970587043,-2.078645918359574,0.0
Port Harcourt,2019-09-01,160.58338,60.22884581634893,76.94217932764897,9,2019,3,156.4768258058177,1.6352169732255508,61.32600700478415,1.7904877800646268,2.5113206757400004,-0.6127722292500769,0.0
Port Harcourt,2019-10-01,169.31815,62.46272730922137,76.25940467102907,10,2019,4,157.75211672482968,2.937156243316347,61.00576667819191,1.909080684997837,3.9378338491489657,0.7631739415095026,0.0
Port Harcourt,2019-11-01,160.67931,59.62863916970259,78.63366183237905,11,2019,4,161.540321974532,7.346251876168862,60.76640521065639,1.5015341769780564,-0.11720425450223339,-0.7577356935315546,0.0
Port Harcourt,2019-12-01,179.63621,61.81431391245811,68.66208822263619,12,2019,4,163.52694666666665,5.015558560841732,60.773404098424294,1.4934596370752378,3.2118582881484365,0.6969788725407503,0.0
Port Harcourt,2020-01-01,173.66815,60.8542389992287,85.4512124531758,1,2020,1,169.87789,9.490837479021483,61.30189346379402,1.4849056982842574,0.3993599098475733,-0.30146996208753846,0.0
Port Harcourt,2020-02-01,173.1242,61.768049216464846,86.72484284115103,2,2020,1,171.32789,9.692709995310842,60.76573069379646,1.0955221633439016,0.18532587902341324,0.9149230898341384,0.0
Port Harcourt,2020-03-01,152.6578,69.45345021046367,77.3271615534876,3,2020,1,175.47618666666668,3.6129373093137884,61.47886737605055,0.5414384197414525,-6.315743870740067,14.72851305642688,1.0
Port Harcourt,2020-04-01,183.0,69.93331675567654,66.61219032786886,4,2020,2,166.48338333333334,11.976394961791813,64.02524614205241,4.723114632794613,1.3790975263724585,1.2508844423554453,0.0
Port Harcourt,2020-05-01,159.387,60.27790063867348,72.48002145093389,5,2020,2,169.59400000000002,15.476078613137076,67.05160539420169,4.581980181949629,-0.6595339979299196,-1.4783356729068176,0.0
Port Harcourt,2020-06-01,157.3,57.222515201071936,70.8628499046408,6,2020,2,165.01493333333335,15.934788998080032,66.55488920160457,5.441324015318246,-0.484156604412076,-1.7150924984912537,0.0
Port Harcourt,2020-07-01,165.0,56.08382339635305,68.46539909696969,7,2020,3,166.56233333333333,14.273631504747922,62.47791086514065,6.634843840479947,-0.10945591055882588,-0.9637133325997123,0.0
Port Harcourt,2020-08-01,142.0,51.288621662122154,88.12468032394366,8,2020,3,160.56233333333333,3.9822802931653185,57.861413078699485,2.168804705861108,-4.6612322505754715,-3.0306054753637457,1.0
Port Harcourt,2020-09-01,180.18803,65.728633504253,68.41241352713607,9,2020,3,154.76666666666668,11.707405064032471,54.86498675318237,3.1491181630655394,2.171391798122106,3.449742495688159,1.0
Port Harcourt,2020-10-01,182.0,56.085247833737256,77.47252747252747,10,2020,4,162.39601000000002,19.22672571605212,57.700359520909394,7.3544800823522865,1.0196218685136227,-0.2196092271767435,0.0
Port Harcourt,2020-11-01,181.06898,57.19444181045686,85.04572126048315,11,2020,4,168.06267666666668,22.58911563327864,57.7008343333708,7.354323578927458,0.5757774471778011,-0.06885643764233078,0.0
Port Harcourt,2020-12-01,177.68985,61.26999653241198,80.0675459065332,12,2020,4,181.08567000000002,0.9061002909728849,59.66944104948237,5.27664076117179,-3.747730834910012,0.3033284916243133,1.0
Port Harcourt,2021-01-01,182.296,58.317697191831414,74.57833258546539,1,2021,1,180.25294333333332,2.2679914322224315,58.183228725535365,2.730142750787057,0.9008220391135503,0.04925327302291567,0.0
Port Harcourt,2021-02-01,195.15182,56.67796786200156,71.00060676349315,2,2021,1,180.35161000000002,2.3853970829404916,58.92737851156675,2.1050700835455016,6.2045057847373855,-1.0685680572575438,0.0
Port Harcourt,2021-03-01,188.01,54.93967242479969,77.8571412424871,3,2021,1,185.04588999999999,9.04994587438518,58.75522052874832,2.327069365151786,0.3275279257072215,-1.639636600905429,0.0
Port Harcourt,2021-04-01,183.89432,56.96933886633759,78.73163003620776,4,2021,2,188.48594,6.441111404936406,56.64511249287755,1.6892520351120426,-0.7128614475571766,0.19193487219243208,0.0
Port Harcourt,2021-05-01,162.396673,49.73075301230012,83.5883299160938,5,2021,2,189.0187133333333,5.696134961896113,56.19565971771294,1.0974298727079037,-4.673702521344655,-5.890952001753599,1.0
Port Harcourt,2021-06-01,182.284,53.53076260679317,70.06253755129359,6,2021,2,178.10033099999998,13.754576016777943,53.87992143447914,3.733843249613202,0.30416560967758915,-0.09351191368896886,0.0
Port Harcourt,2021-07-01,185.679,49.60374714502932,71.28010296263982,7,2021,3,176.1916643333333,11.97391423222398,53.41028482847696,3.6207965232623964,0.7923336916122675,-1.0512984253580457,0.0
Port Harcourt,2021-08-01,163.609,48.15967006388388,84.22820819759303,8,2021,3,176.78655766666665,12.577085981656335,50.95508758804087,2.231503747307884,-1.0477433076219798,-1.2527057270369444,0.0
Port Harcourt,2021-09-01,176.986,51.47393988458258,73.2253014306222,9,2021,3,177.19066666666666,11.88392857321741,50.431393271902124,2.77955164723017,-0.017222138740207643,0.3750772588519281,0.0
Port Harcourt,2021-10-01,161.279,46.16461559288246,85.47922852324172,10,2021,4,175.42466666666667,11.117533284561496,49.74578569783193,1.6616941126334301,-1.2723745730818032,-2.1551319690686483,0.0
Port Harcourt,2021-11-01,167.362,46.70992797733261,77.22288300211518,11,2021,4,167.29133333333334,8.476269600085327,48.599408513782976,2.6818386485486725,0.008337000827102311,-0.7045466875767832,0.0
Port Harcourt,2021-12-01,160.234,46.06431416857266,80.78723325885892,12,2021,4,168.54233333333332,7.919744461365596,48.116161151599215,2.920676276809122,-1.049065834619203,-0.7025246170959514,0.0
Port Harcourt,2022-01-01,171.463,47.980764409247946,75.67278759849063,1,2022,1,162.95833333333334,3.8493137483621567,46.31295257959591,0.34742940827782715,2.209398147990742,4.800433670595747,1.0
Port Harcourt,2022-02-01,168.24791,47.0180315614443,81.05329578239635,2,2022,1,166.35299999999998,5.682092132304554,46.9183355183844,0.9750746938681113,0.3334880807769424,0.10224451899618801,0.0
Port Harcourt,2022-03-01,149.947,46.21441007996978,89.78557757074165,3,2022,1,166.64830333333333,5.782876997311175,47.0210367130883,0.958228654575122,-2.8880613129241413,-0.8417893049505776,1.0
Port Harcourt,2022-04-01,144.918,46.83324766662331,84.88877365130627,4,2022,2,163.21930333333333,11.606021185403282,47.07106868355401,0.8843707403468535,-1.5768800557033789,-0.26891551934138863,1.0
Port Harcourt,2022-05-01,139.417,42.93444424060711,85.60974056248521,5,2022,2,154.37097,12.278021341922077,46.68856310267913,0.4208943913324131,-1.2179462458613883,-8.919384385683358,0.0
Port Harcourt,2022-06-01,177.119,52.42964236224565,68.4995343017971,6,2022,2,144.76066666666668,5.2667627944806155,45.32736732906673,2.0953044337581783,6.143875203045736,3.389614854410508,1.0
Port Harcourt,2022-07-01,177.119,46.852862189493436,80.73667985930363,7,2022,3,153.818,20.36584643465608,47.39911142315869,4.772823921486391,1.1441213639099834,-0.11444990275173195,0.0
Port Harcourt,2022-08-01,175.458,48.220282760107324,80.58371998996854,8,2022,3,164.55166666666665,21.767259848987184,47.40564959744873,4.7716744735038175,0.5010430072042722,0.17072270272879986,0.0
Port Harcourt,2022-09-01,171.956,49.092969376960525,81.87880039079765,9,2022,3,176.5653333333333,0.9589787971239733,49.16759577061547,2.9065737094918904,-4.806501819599091,-0.025675039105748716,1.0
Port Harcourt,2022-10-01,,,0.0,10,2022,4,174.84433333333334,2.6356369881555,48.055371442187095,1.1291221634170066,,,0.0
Port Harcourt,2022-11-01,,,0.0,11,2022,4,173.707,2.4762879477153157,48.656626068533924,0.617082624628305,,,0.0
Port Harcourt,2022-12-01,,,0.0,12,2022,4,,,,,,,
Yola,2019-01-01,94.0,68.3830849072882,64.8936170212766,1,2019,1,,,,,,,
Yola,2019-02-01,94.0,67.57381883107222,64.8936170212766,2,2019,1,,,,,,,
Yola,2019-03-01,116.0,69.95865587614355,63.793103448275865,3,2019,1,94.0,0.0,67.9784518691802,0.5722375302765466,inf,3.4604581178140656,1.0
Yola,2019-04-01,103.0,75.37241943469743,65.0485436893204,4,2019,2,101.33333333333333,12.701705922171769,68.63851987150132,1.2127642798965805,0.13121597027036985,5.552521355403341,1.0
Yola,2019-05-01,87.0,66.98677863140968,65.51724137931035,5,2019,2,104.33333333333333,11.060440015358042,70.9682980473044,3.996132609042863,-1.5671468141651708,-0.996343166111387,1.0
Yola,2019-06-01,87.0,67.36157812149742,64.36781609195403,6,2019,2,102.0,14.525839046333953,70.77261798075023,4.251663633360823,-1.032642586232271,-0.802283565540785,0.0
Yola,2019-07-01,84.0,65.74440052700922,66.66666666666666,7,2019,3,92.33333333333333,9.237604307034015,69.90692539586819,4.736965007343962,-0.9021097956087895,-0.878732450504825,0.0
Yola,2019-08-01,90.0,64.11269742740879,67.77777777777779,8,2019,3,86.0,1.7320508075688772,66.69758575997211,0.846486993814177,2.3094010767585034,-3.053665740233175,0.0
Yola,2019-09-01,90.0,56.47909419548461,67.77777777777779,9,2019,3,87.0,3.0,65.73955869197181,1.6244457589068808,1.0,-5.700691725600447,0.0
Yola,2019-10-01,105.0,67.20082344655722,60.952380952380956,10,2019,4,88.0,3.4641016151377544,62.11206404996755,4.94604648051824,4.907477288111819,1.0288539375102028,0.0
Yola,2019-11-01,100.0,65.73736812881732,67.0,11,2019,4,95.0,8.660254037844387,62.59753835648354,5.519116758230629,0.5773502691896257,0.5689007697928065,0.0
Yola,2019-12-01,88.0,59.539418271660395,69.31818181818183,12,2019,4,98.33333333333333,7.637626158259734,63.139095256953055,5.813960437672947,-1.352950919463152,-0.619143701420411,0.0
Yola,2020-01-01,91.0,65.06923417140135,68.13186813186813,1,2020,1,97.66666666666667,8.73689494805411,64.15920328234499,4.067214713469778,-0.7630475937165158,0.22374793394666947,0.0
Yola,2020-02-01,103.0,73.9341494301393,36.89320388349515,2,2020,1,93.0,6.244997998398406,63.44867352395969,3.401956527791851,1.6012815380508694,3.082189857665684,1.0
Yola,2020-03-01,108.0,82.0417551309271,41.66666666666667,3,2020,1,94.0,7.937253933193778,66.18093395773369,7.261472205580603,1.7638342073763922,2.1842431843234245,1.0
Yola,2020-04-01,108.0,76.3086958865707,40.74074074074074,4,2020,2,100.66666666666667,8.73689494805411,73.68171291082258,8.489075926012147,0.8393523530881662,0.30945452704675946,0.0
Yola,2020-05-01,107.0,72.54557231424077,40.18691588785047,5,2020,2,106.33333333333333,2.886751345948137,77.42820014921237,4.168127264781698,0.2309401076758513,-1.1714200466542914,0.0
Yola,2020-06-01,93.0,69.4817516449395,46.236559139784944,6,2020,2,107.66666666666667,0.5773502691896278,76.96534111057953,4.782024595779759,-25.403411844343452,-1.5649416509159046,1.0
Yola,2020-07-01,93.0,66.27331753066062,45.16129032258064,7,2020,3,102.66666666666667,8.386497083606086,72.778673281917,3.419436205785122,-1.1526465185998882,-1.9024644297356346,0.0
Yola,2020-08-01,99.0,69.96315016116995,43.43434343434344,8,2020,3,97.66666666666667,8.082903768654765,69.4335471632803,3.1364052307658,0.16495721976846384,0.16885668748879865,0.0
Yola,2020-09-01,91.0,78.80292296535951,43.956043956043956,9,2020,3,95.0,3.4641016151377544,68.57273977892335,2.005852222799946,-1.1547005383792517,5.100167933685548,1.0
Yola,2020-10-01,98.0,67.9819192014314,51.02040816326531,10,2020,4,94.33333333333333,4.163331998932264,71.67979688573003,6.4387817225012505,0.8807048459279806,-0.574313254225697,0.0
Yola,2020-11-01,93.0,72.33799120481078,49.46236559139785,11,2020,4,96.0,4.358898943540673,72.24933077598695,5.761379779827959,-0.6882472016116854,0.015388749260073312,0.0
Yola,2020-12-01,105.0,77.4453835850538,44.761904761904766,12,2020,4,94.0,3.6055512754639882,73.04094445720057,5.444643061856367,3.050851079238761,0.8089491042506524,0.0
Yola,2021-01-01,98.0,82.20218319886094,44.89795918367347,1,2021,1,98.66666666666667,6.027713773341706,72.588431330432,4.73670029951372,-0.11060025272186703,2.029630599473626,1.0
Yola,2021-02-01,71.0,68.83682687481979,45.07042253521127,2,2021,1,98.66666666666667,6.027713773341706,77.32851932957517,4.933134284055828,-4.58991048795745,-1.7213584641717572,1.0
Yola,2021-03-01,84.0,77.63854079643554,42.857142857142854,3,2021,1,91.33333333333333,17.953644012660305,76.16146455291151,6.774549688205805,-0.4084593260377731,0.2180331256696736,0.0
Yola,2021-04-01,84.0,81.27908459233761,40.476190476190474,4,2021,2,84.33333333333333,13.50308606701939,76.22585029003876,6.7937440537080995,-0.024685714930565282,0.7438069880687861,0.0
Yola,2021-05-01,76.0,77.45388961938946,43.42105263157895,5,2021,2,79.66666666666667,7.505553499465121,75.91815075453098,6.397050156087261,-0.4885271508527618,0.2400698489751726,0.0
Yola,2021-06-01,64.0,71.13850616388687,50.0,6,2021,2,81.33333333333333,4.618802153517004,78.79050500272088,2.1571498081238385,-3.752776749732568,-3.547272799513753,1.0
Yola,2021-07-01,71.0,74.35668455945876,47.88732394366197,7,2021,3,74.66666666666667,10.066445913694334,76.62382679187131,5.120994624007188,-0.36424639819288746,-0.4427152143031367,0.0
Yola,2021-08-01,72.0,79.42444914921978,44.44444444444444,8,2021,3,70.33333333333333,6.027713773341712,74.31636011424503,3.1578848289907895,0.2765006318046661,1.61756660283498,1.0
Yola,2021-09-01,65.0,75.35061623459413,49.23076923076923,9,2021,3,69.0,4.358898943540677,74.97321329085514,4.177235155760898,-0.9176629354822464,0.09034754560525582,0.0
Yola,2021-10-01,71.0,70.13181292161788,46.478873239436616,10,2021,4,69.33333333333333,3.7859388972001837,76.3772499810909,2.6853383625519895,0.44022545316281303,-2.325754231410048,0.0
Yola,2021-11-01,73.0,72.99944213723424,45.20547945205479,11,2021,4,69.33333333333333,3.7859388972001837,74.96895943514393,4.658059515405503,0.9684959969581871,-0.4228192644159969,0.0
Yola,2021-12-01,72.74406,76.26633027248673,61.65232607308416,12,2021,4,69.66666666666667,4.163331998932264,72.82729043114875,2.6136572388731563,0.7391659694981249,1.315796038665219,0.0
Yola,2022-01-01,74.321,69.64890483892263,57.379475518359556,1,2022,1,72.24802,1.0883665564505258,73.13252844377962,3.0694233588363358,1.9046708002132857,-1.1349439935772434,0.0
Yola,2022-02-01,74.0,64.27668241536863,56.8918918918919,2,2022,1,73.35502000000001,0.8462944766450885,72.9715590828812,3.3088008312280204,0.7621224264121904,-2.627802974857685,0.0
Yola,2022-03-01,81.401572,70.17424876112823,57.00135619002542,3,2022,1,73.68835333333334,0.8333832698904644,70.063972508926,6.00559112930905,9.25530778615276,0.018362264401258606,0.0
Yola,2022-04-01,79.535,76.55438421592078,55.565474319482,4,2022,2,76.57419066666667,4.183714635710882,68.0332786718065,3.2638946267552287,0.7076986819466093,2.6107171090218246,1.0
Yola,2022-05-01,66.854864,72.19788592197848,56.2518248485256,5,2022,2,78.31219066666667,3.849319942153614,70.33510513080587,6.14043129222774,-2.9764547605405136,0.3033631845258864,1.0
Yola,2022-06-01,61.542538,70.8899181008784,55.851598125511174,6,2022,2,75.93047866666667,7.914929496916404,72.97550629967583,3.2603760817170686,-1.8178229726837243,-0.639677186473241,1.0
Yola,2022-07-01,65.290362,71.18348789716676,56.49042350232335,7,2022,3,69.31080066666667,9.244235549160855,73.21406274625922,2.965806061725826,-0.4349130488168509,-0.6846620469549018,0.0
Yola,2022-08-01,65.063083,68.95683395556655,55.55255504876705,8,2022,3,64.562588,2.729916322687562,71.42376397334122,0.6862903174637593,0.18333712130314345,-3.5945866566956806,0.0
Yola,2022-09-01,64.499216,66.35048745406277,57.95197262552772,9,2022,3,63.96532766666667,2.101272534118387,70.34341331787057,1.2097510290545608,0.2540785760364664,-3.300617869222506,0.0
Yola,2022-10-01,,,0.0,10,2022,4,64.95088700000001,0.40733150521528827,68.83026976893204,2.418984743805637,,,0.0
Yola,2022-11-01,,,0.0,11,2022,4,64.78114950000001,0.3987141793872045,67.65366070481467,1.842965285334996,,,0.0
Yola,2022-12-01,,,0.0,12,2022,4,,,,,,,
